timestamp,price,market_cap,volume
2025-02-20 17:00:00,2741.5933625994785,"[1740096000000, 330517520397.0965]","[1740096000000, 14550027648.522171]"
2025-02-21 17:00:00,2658.3470942919384,"[1740096000000, 330517520397.0965]","[1740096000000, 14550027648.522171]"
2025-02-22 17:00:00,2764.355233404291,"[1740096000000, 330517520397.0965]","[1740096000000, 14550027648.522171]"
2025-02-23 17:00:00,2827.1844084879804,"[1740096000000, 330517520397.0965]","[1740096000000, 14550027648.522171]"
2025-02-24 17:00:00,2503.103420098605,"[1740096000000, 330517520397.0965]","[1740096000000, 14550027648.522171]"
2025-02-25 17:00:00,2495.315451693047,"[1740096000000, 330517520397.0965]","[1740096000000, 14550027648.522171]"
2025-02-26 17:00:00,2325.853934699374,"[1740096000000, 330517520397.0965]","[1740096000000, 14550027648.522171]"
2025-02-27 17:00:00,2305.3229378029837,"[1740096000000, 330517520397.0965]","[1740096000000, 14550027648.522171]"
2025-02-28 17:00:00,2235.204208608959,"[1740096000000, 330517520397.0965]","[1740096000000, 14550027648.522171]"
2025-03-01 17:00:00,2212.8243514969954,"[1740096000000, 330517520397.0965]","[1740096000000, 14550027648.522171]"
2025-03-02 17:00:00,2517.3382391622977,"[1740096000000, 330517520397.0965]","[1740096000000, 14550027648.522171]"
2025-03-03 17:00:00,2148.199533470228,"[1740096000000, 330517520397.0965]","[1740096000000, 14550027648.522171]"
2025-03-04 17:00:00,2171.496943535016,"[1740096000000, 330517520397.0965]","[1740096000000, 14550027648.522171]"
2025-03-05 17:00:00,2241.3841149187283,"[1740096000000, 330517520397.0965]","[1740096000000, 14550027648.522171]"
2025-03-06 17:00:00,2202.3207363495417,"[1740096000000, 330517520397.0965]","[1740096000000, 14550027648.522171]"
2025-03-07 17:00:00,2140.7498089428914,"[1740096000000, 330517520397.0965]","[1740096000000, 14550027648.522171]"
2025-03-08 17:00:00,2199.9995000805707,"[1740096000000, 330517520397.0965]","[1740096000000, 14550027648.522171]"
2025-03-09 18:00:00,2017.265460184326,"[1740096000000, 330517520397.0965]","[1740096000000, 14550027648.522171]"
2025-03-10 18:00:00,1879.1231054991026,"[1740096000000, 330517520397.0965]","[1740096000000, 14550027648.522171]"
2025-03-11 18:00:00,1921.3099227587034,"[1740096000000, 330517520397.0965]","[1740096000000, 14550027648.522171]"
2025-03-12 18:00:00,1910.6551381032464,"[1740096000000, 330517520397.0965]","[1740096000000, 14550027648.522171]"
2025-03-13 18:00:00,1862.7949366490388,"[1740096000000, 330517520397.0965]","[1740096000000, 14550027648.522171]"
2025-03-14 18:00:00,1910.6662703455045,"[1740096000000, 330517520397.0965]","[1740096000000, 14550027648.522171]"
2025-03-15 18:00:00,1939.7856881721348,"[1740096000000, 330517520397.0965]","[1740096000000, 14550027648.522171]"
2025-03-16 18:00:00,1887.7643429692785,"[1740096000000, 330517520397.0965]","[1740096000000, 14550027648.522171]"
2025-03-17 18:00:00,1929.1833577618722,"[1740096000000, 330517520397.0965]","[1740096000000, 14550027648.522171]"
2025-03-18 18:00:00,1932.7964059050657,"[1740096000000, 330517520397.0965]","[1740096000000, 14550027648.522171]"
2025-03-19 18:00:00,2060.728601068271,"[1740096000000, 330517520397.0965]","[1740096000000, 14550027648.522171]"
2025-03-20 18:00:00,1980.831780524645,"[1740096000000, 330517520397.0965]","[1740096000000, 14550027648.522171]"
2025-03-21 18:00:00,1964.5293833168294,"[1740096000000, 330517520397.0965]","[1740096000000, 14550027648.522171]"
2025-03-22 18:00:00,1979.5449257665966,"[1740096000000, 330517520397.0965]","[1740096000000, 14550027648.522171]"
2025-03-23 18:00:00,2001.0470230951883,"[1740096000000, 330517520397.0965]","[1740096000000, 14550027648.522171]"
2025-03-24 18:00:00,2077.739325831977,"[1740096000000, 330517520397.0965]","[1740096000000, 14550027648.522171]"
2025-03-25 18:00:00,2068.598435049149,"[1740096000000, 330517520397.0965]","[1740096000000, 14550027648.522171]"
2025-03-26 18:00:00,2009.8835432902426,"[1740096000000, 330517520397.0965]","[1740096000000, 14550027648.522171]"
2025-03-27 18:00:00,2003.3034241292064,"[1740096000000, 330517520397.0965]","[1740096000000, 14550027648.522171]"
2025-03-28 18:00:00,1896.9173600459985,"[1740096000000, 330517520397.0965]","[1740096000000, 14550027648.522171]"
2025-03-29 18:00:00,1829.2745211803463,"[1740096000000, 330517520397.0965]","[1740096000000, 14550027648.522171]"
2025-03-30 18:00:00,1805.3378779435934,"[1740096000000, 330517520397.0965]","[1740096000000, 14550027648.522171]"
2025-03-31 18:00:00,1824.2071367609847,"[1740096000000, 330517520397.0965]","[1740096000000, 14550027648.522171]"
2025-04-01 18:00:00,1907.1671522994227,"[1740096000000, 330517520397.0965]","[1740096000000, 14550027648.522171]"
2025-04-02 18:00:00,1795.761850567479,"[1740096000000, 330517520397.0965]","[1740096000000, 14550027648.522171]"
2025-04-03 18:00:00,1818.2844199542053,"[1740096000000, 330517520397.0965]","[1740096000000, 14550027648.522171]"
2025-04-04 18:00:00,1814.4807753449506,"[1740096000000, 330517520397.0965]","[1740096000000, 14550027648.522171]"
2025-04-05 18:00:00,1809.935827172196,"[1740096000000, 330517520397.0965]","[1740096000000, 14550027648.522171]"
2025-04-06 18:00:00,1574.6321611455576,"[1740096000000, 330517520397.0965]","[1740096000000, 14550027648.522171]"
2025-04-07 18:00:00,1555.909812570873,"[1740096000000, 330517520397.0965]","[1740096000000, 14550027648.522171]"
2025-04-08 18:00:00,1471.3608854365523,"[1740096000000, 330517520397.0965]","[1740096000000, 14550027648.522171]"
2025-04-09 18:00:00,1662.5331604641576,"[1740096000000, 330517520397.0965]","[1740096000000, 14550027648.522171]"
2025-04-10 18:00:00,1523.928624242526,"[1740096000000, 330517520397.0965]","[1740096000000, 14550027648.522171]"
2025-04-11 18:00:00,1568.131690125936,"[1740096000000, 330517520397.0965]","[1740096000000, 14550027648.522171]"
2025-04-12 18:00:00,1645.8625733156498,"[1740096000000, 330517520397.0965]","[1740096000000, 14550027648.522171]"
2025-04-13 18:00:00,1595.4227460001084,"[1740096000000, 330517520397.0965]","[1740096000000, 14550027648.522171]"
2025-04-14 18:00:00,1621.543195596693,"[1740096000000, 330517520397.0965]","[1740096000000, 14550027648.522171]"
2025-04-15 18:00:00,1587.8222244021401,"[1740096000000, 330517520397.0965]","[1740096000000, 14550027648.522171]"
2025-04-16 18:00:00,1577.7073516760117,"[1740096000000, 330517520397.0965]","[1740096000000, 14550027648.522171]"
2025-04-17 18:00:00,1583.4764497002345,"[1740096000000, 330517520397.0965]","[1740096000000, 14550027648.522171]"
2025-04-18 18:00:00,1589.1516208270755,"[1740096000000, 330517520397.0965]","[1740096000000, 14550027648.522171]"
2025-04-19 18:00:00,1615.0502549158562,"[1740096000000, 330517520397.0965]","[1740096000000, 14550027648.522171]"
2025-04-20 18:00:00,1585.4600253443446,"[1740096000000, 330517520397.0965]","[1740096000000, 14550027648.522171]"
2025-04-21 18:00:00,1577.4465595922347,"[1740096000000, 330517520397.0965]","[1740096000000, 14550027648.522171]"
2025-04-22 18:00:00,1759.7064599311093,"[1740096000000, 330517520397.0965]","[1740096000000, 14550027648.522171]"
2025-04-23 18:00:00,1793.969849485534,"[1740096000000, 330517520397.0965]","[1740096000000, 14550027648.522171]"
2025-04-24 18:00:00,1769.3925107354407,"[1740096000000, 330517520397.0965]","[1740096000000, 14550027648.522171]"
2025-04-25 18:00:00,1788.7981804331257,"[1740096000000, 330517520397.0965]","[1740096000000, 14550027648.522171]"
2025-04-26 18:00:00,1821.2695303291391,"[1740096000000, 330517520397.0965]","[1740096000000, 14550027648.522171]"
2025-04-27 18:00:00,1793.6918440730135,"[1740096000000, 330517520397.0965]","[1740096000000, 14550027648.522171]"
2025-04-28 18:00:00,1799.50191449199,"[1740096000000, 330517520397.0965]","[1740096000000, 14550027648.522171]"
2025-04-29 18:00:00,1796.9720456768928,"[1740096000000, 330517520397.0965]","[1740096000000, 14550027648.522171]"
2025-04-30 18:00:00,1794.0495408617828,"[1740096000000, 330517520397.0965]","[1740096000000, 14550027648.522171]"
2025-05-01 18:00:00,1838.8543285925753,"[1740096000000, 330517520397.0965]","[1740096000000, 14550027648.522171]"
2025-05-02 18:00:00,1841.427590836958,"[1740096000000, 330517520397.0965]","[1740096000000, 14550027648.522171]"
2025-05-03 18:00:00,1834.501911876416,"[1740096000000, 330517520397.0965]","[1740096000000, 14550027648.522171]"
2025-05-04 18:00:00,1808.156093844096,"[1740096000000, 330517520397.0965]","[1740096000000, 14550027648.522171]"
2025-05-05 18:00:00,1820.0044598893596,"[1740096000000, 330517520397.0965]","[1740096000000, 14550027648.522171]"
2025-05-06 18:00:00,1816.1686943818438,"[1740096000000, 330517520397.0965]","[1740096000000, 14550027648.522171]"
2025-05-07 18:00:00,1810.3169269284476,"[1740096000000, 330517520397.0965]","[1740096000000, 14550027648.522171]"
2025-05-08 18:00:00,2197.5611893238784,"[1740096000000, 330517520397.0965]","[1740096000000, 14550027648.522171]"
2025-05-09 18:00:00,2341.407963002621,"[1740096000000, 330517520397.0965]","[1740096000000, 14550027648.522171]"
2025-05-10 18:00:00,2583.6829051429513,"[1740096000000, 330517520397.0965]","[1740096000000, 14550027648.522171]"
2025-05-11 18:00:00,2507.4693107597423,"[1740096000000, 330517520397.0965]","[1740096000000, 14550027648.522171]"
2025-05-12 18:00:00,2492.426391077375,"[1740096000000, 330517520397.0965]","[1740096000000, 14550027648.522171]"
2025-05-13 18:00:00,2676.639163127913,"[1740096000000, 330517520397.0965]","[1740096000000, 14550027648.522171]"
2025-05-14 18:00:00,2603.7180887199615,"[1740096000000, 330517520397.0965]","[1740096000000, 14550027648.522171]"
2025-05-15 18:00:00,2542.296692466797,"[1740096000000, 330517520397.0965]","[1740096000000, 14550027648.522171]"
2025-05-16 18:00:00,2544.3870377235667,"[1740096000000, 330517520397.0965]","[1740096000000, 14550027648.522171]"
2025-05-17 18:00:00,2475.0543933696913,"[1740096000000, 330517520397.0965]","[1740096000000, 14550027648.522171]"
2025-05-18 18:00:00,2465.3409856139087,"[1740096000000, 330517520397.0965]","[1740096000000, 14550027648.522171]"
2025-05-19 18:00:00,2526.989643891319,"[1740096000000, 330517520397.0965]","[1740096000000, 14550027648.522171]"
2025-05-20 18:00:00,2524.2743433146065,"[1740096000000, 330517520397.0965]","[1740096000000, 14550027648.522171]"
2025-05-21 18:00:00,2558.9502343769486,"[1740096000000, 330517520397.0965]","[1740096000000, 14550027648.522171]"
2025-05-22 18:00:00,2657.1674447566115,"[1740096000000, 330517520397.0965]","[1740096000000, 14550027648.522171]"
2025-05-23 18:00:00,2519.813809045145,"[1740096000000, 330517520397.0965]","[1740096000000, 14550027648.522171]"
2025-05-24 18:00:00,2529.4429842284353,"[1740096000000, 330517520397.0965]","[1740096000000, 14550027648.522171]"
2025-05-25 18:00:00,2546.6201163370915,"[1740096000000, 330517520397.0965]","[1740096000000, 14550027648.522171]"
2025-05-26 18:00:00,2562.1729286392238,"[1740096000000, 330517520397.0965]","[1740096000000, 14550027648.522171]"
2025-05-27 18:00:00,2662.0940568241435,"[1740096000000, 330517520397.0965]","[1740096000000, 14550027648.522171]"
2025-05-28 18:00:00,2676.2674124507,"[1740096000000, 330517520397.0965]","[1740096000000, 14550027648.522171]"
2025-05-29 18:00:00,2633.1392065286695,"[1740096000000, 330517520397.0965]","[1740096000000, 14550027648.522171]"
2025-05-30 18:00:00,2524.4762348050726,"[1740096000000, 330517520397.0965]","[1740096000000, 14550027648.522171]"
2025-05-31 18:00:00,2532.3627853090866,"[1740096000000, 330517520397.0965]","[1740096000000, 14550027648.522171]"
2025-06-01 18:00:00,2538.3300584367485,"[1740096000000, 330517520397.0965]","[1740096000000, 14550027648.522171]"
2025-06-02 18:00:00,2609.737253959435,"[1740096000000, 330517520397.0965]","[1740096000000, 14550027648.522171]"
2025-06-03 18:00:00,2595.4689570062997,"[1740096000000, 330517520397.0965]","[1740096000000, 14550027648.522171]"
2025-06-04 18:00:00,2610.343189828259,"[1740096000000, 330517520397.0965]","[1740096000000, 14550027648.522171]"
2025-06-05 18:00:00,2421.601103763502,"[1740096000000, 330517520397.0965]","[1740096000000, 14550027648.522171]"
2025-06-06 18:00:00,2481.4039836690267,"[1740096000000, 330517520397.0965]","[1740096000000, 14550027648.522171]"
2025-06-07 18:00:00,2526.291995889778,"[1740096000000, 330517520397.0965]","[1740096000000, 14550027648.522171]"
2025-06-08 18:00:00,2508.784123584585,"[1740096000000, 330517520397.0965]","[1740096000000, 14550027648.522171]"
2025-06-09 18:00:00,2685.0001850413178,"[1740096000000, 330517520397.0965]","[1740096000000, 14550027648.522171]"
2025-06-10 18:00:00,2808.503208314919,"[1740096000000, 330517520397.0965]","[1740096000000, 14550027648.522171]"
2025-06-11 18:00:00,2776.1371915822333,"[1740096000000, 330517520397.0965]","[1740096000000, 14550027648.522171]"
2025-06-12 18:00:00,2653.158968452672,"[1740096000000, 330517520397.0965]","[1740096000000, 14550027648.522171]"
2025-06-13 18:00:00,2577.04861752583,"[1740096000000, 330517520397.0965]","[1740096000000, 14550027648.522171]"
2025-06-14 18:00:00,2534.0702195359518,"[1740096000000, 330517520397.0965]","[1740096000000, 14550027648.522171]"
2025-06-15 18:00:00,2547.8456040920437,"[1740096000000, 330517520397.0965]","[1740096000000, 14550027648.522171]"
2025-06-16 18:00:00,2561.329843569428,"[1740096000000, 330517520397.0965]","[1740096000000, 14550027648.522171]"
2025-06-17 18:00:00,2514.986700576147,"[1740096000000, 330517520397.0965]","[1740096000000, 14550027648.522171]"
2025-06-18 18:00:00,2521.3334233964915,"[1740096000000, 330517520397.0965]","[1740096000000, 14550027648.522171]"
2025-06-19 18:00:00,2522.1791903642184,"[1740096000000, 330517520397.0965]","[1740096000000, 14550027648.522171]"
2025-06-20 18:00:00,2405.695434213183,"[1740096000000, 330517520397.0965]","[1740096000000, 14550027648.522171]"
2025-06-21 18:00:00,2270.581996055585,"[1740096000000, 330517520397.0965]","[1740096000000, 14550027648.522171]"
2025-06-22 18:00:00,2227.4287266371684,"[1740096000000, 330517520397.0965]","[1740096000000, 14550027648.522171]"
2025-06-23 18:00:00,2423.899644268608,"[1740096000000, 330517520397.0965]","[1740096000000, 14550027648.522171]"
2025-06-24 18:00:00,2446.539301545049,"[1740096000000, 330517520397.0965]","[1740096000000, 14550027648.522171]"
2025-06-25 18:00:00,2417.2267855277296,"[1740096000000, 330517520397.0965]","[1740096000000, 14550027648.522171]"
2025-06-26 18:00:00,2415.031864876594,"[1740096000000, 330517520397.0965]","[1740096000000, 14550027648.522171]"
2025-06-27 18:00:00,2423.0302896731746,"[1740096000000, 330517520397.0965]","[1740096000000, 14550027648.522171]"
2025-06-28 18:00:00,2437.133001780241,"[1740096000000, 330517520397.0965]","[1740096000000, 14550027648.522171]"
2025-06-29 18:00:00,2502.6672721177083,"[1740096000000, 330517520397.0965]","[1740096000000, 14550027648.522171]"
2025-06-30 18:00:00,2488.190781689803,"[1740096000000, 330517520397.0965]","[1740096000000, 14550027648.522171]"
2025-07-01 18:00:00,2405.1045592800183,"[1740096000000, 330517520397.0965]","[1740096000000, 14550027648.522171]"
2025-07-02 18:00:00,2574.067718495133,"[1740096000000, 330517520397.0965]","[1740096000000, 14550027648.522171]"
2025-07-03 18:00:00,2590.132231590221,"[1740096000000, 330517520397.0965]","[1740096000000, 14550027648.522171]"
2025-07-04 18:00:00,2509.236345783362,"[1740096000000, 330517520397.0965]","[1740096000000, 14550027648.522171]"
2025-07-05 18:00:00,2517.37917835065,"[1740096000000, 330517520397.0965]","[1740096000000, 14550027648.522171]"
2025-07-06 18:00:00,2571.358192115984,"[1740096000000, 330517520397.0965]","[1740096000000, 14550027648.522171]"
2025-07-07 18:00:00,2543.6317028067488,"[1740096000000, 330517520397.0965]","[1740096000000, 14550027648.522171]"
2025-07-08 18:00:00,2615.7759888945047,"[1740096000000, 330517520397.0965]","[1740096000000, 14550027648.522171]"
2025-07-09 18:00:00,2772.5795626609174,"[1740096000000, 330517520397.0965]","[1740096000000, 14550027648.522171]"
2025-07-10 18:00:00,2948.4462027029053,"[1740096000000, 330517520397.0965]","[1740096000000, 14550027648.522171]"
2025-07-11 18:00:00,2958.8514450990992,"[1740096000000, 330517520397.0965]","[1740096000000, 14550027648.522171]"
2025-07-12 18:00:00,2942.9616055388096,"[1740096000000, 330517520397.0965]","[1740096000000, 14550027648.522171]"
2025-07-13 18:00:00,2974.2654952333387,"[1740096000000, 330517520397.0965]","[1740096000000, 14550027648.522171]"
2025-07-14 18:00:00,3012.1797069059276,"[1740096000000, 330517520397.0965]","[1740096000000, 14550027648.522171]"
2025-07-15 18:00:00,3133.069857747011,"[1740096000000, 330517520397.0965]","[1740096000000, 14550027648.522171]"
2025-07-16 18:00:00,3368.126521526108,"[1740096000000, 330517520397.0965]","[1740096000000, 14550027648.522171]"
2025-07-17 18:00:00,3481.8828152374017,"[1740096000000, 330517520397.0965]","[1740096000000, 14550027648.522171]"
2025-07-18 18:00:00,3547.317079001209,"[1740096000000, 330517520397.0965]","[1740096000000, 14550027648.522171]"
2025-07-19 18:00:00,3594.3185010809702,"[1740096000000, 330517520397.0965]","[1740096000000, 14550027648.522171]"
2025-07-20 18:00:00,3758.605581813957,"[1740096000000, 330517520397.0965]","[1740096000000, 14550027648.522171]"
2025-07-21 18:00:00,3765.453624023574,"[1740096000000, 330517520397.0965]","[1740096000000, 14550027648.522171]"
2025-07-22 18:00:00,3746.9406687316323,"[1740096000000, 330517520397.0965]","[1740096000000, 14550027648.522171]"
2025-07-23 18:00:00,3630.053531480921,"[1740096000000, 330517520397.0965]","[1740096000000, 14550027648.522171]"
2025-07-24 18:00:00,3708.4299352383423,"[1740096000000, 330517520397.0965]","[1740096000000, 14550027648.522171]"
2025-07-25 18:00:00,3723.0529092785596,"[1740096000000, 330517520397.0965]","[1740096000000, 14550027648.522171]"
2025-07-26 18:00:00,3742.4314258659915,"[1740096000000, 330517520397.0965]","[1740096000000, 14550027648.522171]"
2025-07-27 18:00:00,3864.1248374654765,"[1740096000000, 330517520397.0965]","[1740096000000, 14550027648.522171]"
2025-07-28 18:00:00,3786.303845995956,"[1740096000000, 330517520397.0965]","[1740096000000, 14550027648.522171]"
2025-07-29 18:00:00,3788.5983716058226,"[1740096000000, 330517520397.0965]","[1740096000000, 14550027648.522171]"
2025-07-30 18:00:00,3807.4166010824188,"[1740096000000, 330517520397.0965]","[1740096000000, 14550027648.522171]"
2025-07-31 18:00:00,3696.6628530851194,"[1740096000000, 330517520397.0965]","[1740096000000, 14550027648.522171]"
2025-08-01 18:00:00,3483.1789551579504,"[1740096000000, 330517520397.0965]","[1740096000000, 14550027648.522171]"
2025-08-02 18:00:00,3397.4855484143177,"[1740096000000, 330517520397.0965]","[1740096000000, 14550027648.522171]"
2025-08-03 18:00:00,3497.573127822404,"[1740096000000, 330517520397.0965]","[1740096000000, 14550027648.522171]"
2025-08-04 18:00:00,3715.7090148550706,"[1740096000000, 330517520397.0965]","[1740096000000, 14550027648.522171]"
2025-08-05 18:00:00,3612.442432236669,"[1740096000000, 330517520397.0965]","[1740096000000, 14550027648.522171]"
2025-08-06 18:00:00,3684.0459195726726,"[1740096000000, 330517520397.0965]","[1740096000000, 14550027648.522171]"
2025-08-07 18:00:00,3911.2609462690816,"[1740096000000, 330517520397.0965]","[1740096000000, 14550027648.522171]"
2025-08-08 18:00:00,4012.97697001236,"[1740096000000, 330517520397.0965]","[1740096000000, 14550027648.522171]"
2025-08-09 18:00:00,4265.563258333516,"[1740096000000, 330517520397.0965]","[1740096000000, 14550027648.522171]"
2025-08-10 18:00:00,4253.591618951185,"[1740096000000, 330517520397.0965]","[1740096000000, 14550027648.522171]"
2025-08-11 18:00:00,4228.824213261163,"[1740096000000, 330517520397.0965]","[1740096000000, 14550027648.522171]"
2025-08-12 18:00:00,4606.809427709522,"[1740096000000, 330517520397.0965]","[1740096000000, 14550027648.522171]"
2025-08-13 18:00:00,4763.652535322159,"[1740096000000, 330517520397.0965]","[1740096000000, 14550027648.522171]"
2025-08-14 18:00:00,4554.291501538621,"[1740096000000, 330517520397.0965]","[1740096000000, 14550027648.522171]"
2025-08-15 18:00:00,4430.532465017841,"[1740096000000, 330517520397.0965]","[1740096000000, 14550027648.522171]"
2025-08-16 18:00:00,4426.826913311333,"[1740096000000, 330517520397.0965]","[1740096000000, 14550027648.522171]"
2025-08-17 18:00:00,4487.118013759226,"[1740096000000, 330517520397.0965]","[1740096000000, 14550027648.522171]"
2025-08-18 18:00:00,4317.2757573282315,"[1740096000000, 330517520397.0965]","[1740096000000, 14550027648.522171]"
2025-08-19 18:00:00,4074.495786100515,"[1740096000000, 330517520397.0965]","[1740096000000, 14550027648.522171]"
2025-08-20 18:00:00,4330.491598768078,"[1740096000000, 330517520397.0965]","[1740096000000, 14550027648.522171]"
2025-08-21 18:00:00,4224.438592580698,"[1740096000000, 330517520397.0965]","[1740096000000, 14550027648.522171]"
2025-08-22 18:00:00,4829.225541798332,"[1740096000000, 330517520397.0965]","[1740096000000, 14550027648.522171]"
2025-08-23 18:00:00,4773.884088598777,"[1740096000000, 330517520397.0965]","[1740096000000, 14550027648.522171]"
2025-08-24 18:00:00,4778.10916071381,"[1740096000000, 330517520397.0965]","[1740096000000, 14550027648.522171]"
2025-08-25 18:00:00,4381.626176071471,"[1740096000000, 330517520397.0965]","[1740096000000, 14550027648.522171]"
2025-08-26 18:00:00,4602.369685333965,"[1740096000000, 330517520397.0965]","[1740096000000, 14550027648.522171]"
2025-08-27 18:00:00,4500.1451479982325,"[1740096000000, 330517520397.0965]","[1740096000000, 14550027648.522171]"
2025-08-28 18:00:00,4507.560431032719,"[1740096000000, 330517520397.0965]","[1740096000000, 14550027648.522171]"
2025-08-29 18:00:00,4364.358521430426,"[1740096000000, 330517520397.0965]","[1740096000000, 14550027648.522171]"
2025-08-30 18:00:00,4373.360357620914,"[1740096000000, 330517520397.0965]","[1740096000000, 14550027648.522171]"
2025-08-31 18:00:00,4388.931464519364,"[1740096000000, 330517520397.0965]","[1740096000000, 14550027648.522171]"
2025-09-01 18:00:00,4303.202222745541,"[1740096000000, 330517520397.0965]","[1740096000000, 14550027648.522171]"
2025-09-02 18:00:00,4325.856306225941,"[1740096000000, 330517520397.0965]","[1740096000000, 14550027648.522171]"
2025-09-03 18:00:00,4449.8670977283255,"[1740096000000, 330517520397.0965]","[1740096000000, 14550027648.522171]"
2025-09-04 18:00:00,4298.094660544595,"[1740096000000, 330517520397.0965]","[1740096000000, 14550027648.522171]"
2025-09-05 18:00:00,4306.613513100346,"[1740096000000, 330517520397.0965]","[1740096000000, 14550027648.522171]"
2025-09-06 18:00:00,4273.110024157841,"[1740096000000, 330517520397.0965]","[1740096000000, 14550027648.522171]"
2025-09-07 18:00:00,4304.032421076036,"[1740096000000, 330517520397.0965]","[1740096000000, 14550027648.522171]"
2025-09-08 18:00:00,4309.685702772004,"[1740096000000, 330517520397.0965]","[1740096000000, 14550027648.522171]"
2025-09-09 18:00:00,4309.342746120013,"[1740096000000, 330517520397.0965]","[1740096000000, 14550027648.522171]"
2025-09-10 18:00:00,4347.476803670656,"[1740096000000, 330517520397.0965]","[1740096000000, 14550027648.522171]"
2025-09-11 18:00:00,4459.31901599882,"[1740096000000, 330517520397.0965]","[1740096000000, 14550027648.522171]"
2025-09-12 18:00:00,4708.841744149995,"[1740096000000, 330517520397.0965]","[1740096000000, 14550027648.522171]"
2025-09-13 18:00:00,4667.699652630318,"[1740096000000, 330517520397.0965]","[1740096000000, 14550027648.522171]"
2025-09-14 18:00:00,4609.786110950785,"[1740096000000, 330517520397.0965]","[1740096000000, 14550027648.522171]"
2025-09-15 18:00:00,4524.244939102515,"[1740096000000, 330517520397.0965]","[1740096000000, 14550027648.522171]"
2025-09-16 18:00:00,4504.266635522813,"[1740096000000, 330517520397.0965]","[1740096000000, 14550027648.522171]"
2025-09-17 18:00:00,4591.768794331328,"[1740096000000, 330517520397.0965]","[1740096000000, 14550027648.522171]"
2025-09-18 18:00:00,4590.6367372135155,"[1740096000000, 330517520397.0965]","[1740096000000, 14550027648.522171]"
2025-09-19 18:00:00,4470.479474009387,"[1740096000000, 330517520397.0965]","[1740096000000, 14550027648.522171]"
2025-09-20 18:00:00,4481.799472368209,"[1740096000000, 330517520397.0965]","[1740096000000, 14550027648.522171]"
2025-09-21 18:00:00,4452.87113037789,"[1740096000000, 330517520397.0965]","[1740096000000, 14550027648.522171]"
2025-09-22 18:00:00,4199.951774017639,"[1740096000000, 330517520397.0965]","[1740096000000, 14550027648.522171]"
2025-09-23 18:00:00,4166.1905498775295,"[1740096000000, 330517520397.0965]","[1740096000000, 14550027648.522171]"
2025-09-24 18:00:00,4148.65682762035,"[1740096000000, 330517520397.0965]","[1740096000000, 14550027648.522171]"
2025-09-25 18:00:00,3863.0632875907245,"[1740096000000, 330517520397.0965]","[1740096000000, 14550027648.522171]"
2025-09-26 18:00:00,4037.0979210260916,"[1740096000000, 330517520397.0965]","[1740096000000, 14550027648.522171]"
2025-09-27 18:00:00,4018.167453105732,"[1740096000000, 330517520397.0965]","[1740096000000, 14550027648.522171]"
2025-09-28 18:00:00,4141.839664086501,"[1740096000000, 330517520397.0965]","[1740096000000, 14550027648.522171]"
2025-09-29 18:00:00,4215.61278947927,"[1740096000000, 330517520397.0965]","[1740096000000, 14550027648.522171]"
2025-09-30 18:00:00,4144.230463371581,"[1740096000000, 330517520397.0965]","[1740096000000, 14550027648.522171]"
2025-10-01 18:00:00,4343.951983440489,"[1740096000000, 330517520397.0965]","[1740096000000, 14550027648.522171]"
2025-10-02 18:00:00,4484.006245909478,"[1740096000000, 330517520397.0965]","[1740096000000, 14550027648.522171]"
2025-10-03 18:00:00,4515.759068159723,"[1740096000000, 330517520397.0965]","[1740096000000, 14550027648.522171]"
2025-10-04 18:00:00,4487.706651673285,"[1740096000000, 330517520397.0965]","[1740096000000, 14550027648.522171]"
2025-10-05 18:00:00,4515.321391965295,"[1740096000000, 330517520397.0965]","[1740096000000, 14550027648.522171]"
2025-10-06 18:00:00,4689.131734746596,"[1740096000000, 330517520397.0965]","[1740096000000, 14550027648.522171]"
2025-10-07 18:00:00,4454.32846286666,"[1740096000000, 330517520397.0965]","[1740096000000, 14550027648.522171]"
2025-10-08 18:00:00,4527.578004547945,"[1740096000000, 330517520397.0965]","[1740096000000, 14550027648.522171]"
2025-10-09 18:00:00,4368.649439385323,"[1740096000000, 330517520397.0965]","[1740096000000, 14550027648.522171]"
2025-10-10 18:00:00,3835.632842050135,"[1740096000000, 330517520397.0965]","[1740096000000, 14550027648.522171]"
2025-10-11 18:00:00,3749.218185954949,"[1740096000000, 330517520397.0965]","[1740096000000, 14550027648.522171]"
2025-10-12 18:00:00,4159.729307791921,"[1740096000000, 330517520397.0965]","[1740096000000, 14550027648.522171]"
2025-10-13 18:00:00,4246.217461554773,"[1740096000000, 330517520397.0965]","[1740096000000, 14550027648.522171]"
2025-10-14 18:00:00,4128.888447033946,"[1740096000000, 330517520397.0965]","[1740096000000, 14550027648.522171]"
2025-10-15 18:00:00,3983.1544356894233,"[1740096000000, 330517520397.0965]","[1740096000000, 14550027648.522171]"
2025-10-16 18:00:00,3890.1993012479857,"[1740096000000, 330517520397.0965]","[1740096000000, 14550027648.522171]"
2025-10-17 18:00:00,3831.244175835675,"[1740096000000, 330517520397.0965]","[1740096000000, 14550027648.522171]"
2025-10-18 18:00:00,3889.4990302043157,"[1740096000000, 330517520397.0965]","[1740096000000, 14550027648.522171]"
2025-10-19 18:00:00,3985.0765644046796,"[1740096000000, 330517520397.0965]","[1740096000000, 14550027648.522171]"
2025-10-20 18:00:00,3978.7901551344357,"[1740096000000, 330517520397.0965]","[1740096000000, 14550027648.522171]"
2025-10-21 18:00:00,3877.4871979550117,"[1740096000000, 330517520397.0965]","[1740096000000, 14550027648.522171]"
2025-10-22 18:00:00,3801.7907952382916,"[1740096000000, 330517520397.0965]","[1740096000000, 14550027648.522171]"
2025-10-23 18:00:00,3855.8421162401205,"[1740096000000, 330517520397.0965]","[1740096000000, 14550027648.522171]"
2025-10-24 18:00:00,3933.232269901015,"[1740096000000, 330517520397.0965]","[1740096000000, 14550027648.522171]"
2025-10-25 18:00:00,3952.213557935584,"[1740096000000, 330517520397.0965]","[1740096000000, 14550027648.522171]"
2025-10-26 18:00:00,4161.590896249249,"[1740096000000, 330517520397.0965]","[1740096000000, 14550027648.522171]"
2025-10-27 18:00:00,4123.206220671679,"[1740096000000, 330517520397.0965]","[1740096000000, 14550027648.522171]"
2025-10-28 18:00:00,3982.3127893175442,"[1740096000000, 330517520397.0965]","[1740096000000, 14550027648.522171]"
2025-10-29 18:00:00,3897.359267616961,"[1740096000000, 330517520397.0965]","[1740096000000, 14550027648.522171]"
2025-10-30 18:00:00,3802.2953645331804,"[1740096000000, 330517520397.0965]","[1740096000000, 14550027648.522171]"
2025-10-31 18:00:00,3847.298177365196,"[1740096000000, 330517520397.0965]","[1740096000000, 14550027648.522171]"
2025-11-01 18:00:00,3872.2118961957594,"[1740096000000, 330517520397.0965]","[1740096000000, 14550027648.522171]"
2025-11-02 17:00:00,3910.0947691627284,"[1740096000000, 330517520397.0965]","[1740096000000, 14550027648.522171]"
2025-11-03 17:00:00,3600.71550248779,"[1740096000000, 330517520397.0965]","[1740096000000, 14550027648.522171]"
2025-11-04 17:00:00,3296.7437604313104,"[1740096000000, 330517520397.0965]","[1740096000000, 14550027648.522171]"
2025-11-05 17:00:00,3427.6905913706814,"[1740096000000, 330517520397.0965]","[1740096000000, 14550027648.522171]"
2025-11-06 17:00:00,3308.918164921951,"[1740096000000, 330517520397.0965]","[1740096000000, 14550027648.522171]"
2025-11-07 17:00:00,3434.3512285299594,"[1740096000000, 330517520397.0965]","[1740096000000, 14550027648.522171]"
2025-11-08 17:00:00,3401.4594003397083,"[1740096000000, 330517520397.0965]","[1740096000000, 14550027648.522171]"
2025-11-09 17:00:00,3576.2547046627064,"[1740096000000, 330517520397.0965]","[1740096000000, 14550027648.522171]"
2025-11-10 17:00:00,3564.6105957999334,"[1740096000000, 330517520397.0965]","[1740096000000, 14550027648.522171]"
2025-11-11 17:00:00,3416.781328259322,"[1740096000000, 330517520397.0965]","[1740096000000, 14550027648.522171]"
2025-11-12 17:00:00,3409.6144555411624,"[1740096000000, 330517520397.0965]","[1740096000000, 14550027648.522171]"
2025-11-13 17:00:00,3235.7276362968546,"[1740096000000, 330517520397.0965]","[1740096000000, 14550027648.522171]"
2025-11-14 17:00:00,3106.601287865052,"[1740096000000, 330517520397.0965]","[1740096000000, 14550027648.522171]"
2025-11-15 17:00:00,3170.1129807404664,"[1740096000000, 330517520397.0965]","[1740096000000, 14550027648.522171]"
2025-11-16 17:00:00,3101.686799467,"[1740096000000, 330517520397.0965]","[1740096000000, 14550027648.522171]"
2025-11-17 17:00:00,3021.3021576301335,"[1740096000000, 330517520397.0965]","[1740096000000, 14550027648.522171]"
2025-11-18 17:00:00,3117.2225871583155,"[1740096000000, 330517520397.0965]","[1740096000000, 14550027648.522171]"
2025-11-19 17:00:00,3017.7483614097955,"[1740096000000, 330517520397.0965]","[1740096000000, 14550027648.522171]"
2025-11-20 17:00:00,2832.068358334293,"[1740096000000, 330517520397.0965]","[1740096000000, 14550027648.522171]"
2025-11-21 17:00:00,2764.735218675169,"[1740096000000, 330517520397.0965]","[1740096000000, 14550027648.522171]"
2025-11-22 17:00:00,2768.6178294996353,"[1740096000000, 330517520397.0965]","[1740096000000, 14550027648.522171]"
2025-11-23 17:00:00,2799.8149340924633,"[1740096000000, 330517520397.0965]","[1740096000000, 14550027648.522171]"
2025-11-24 17:00:00,2953.327645752226,"[1740096000000, 330517520397.0965]","[1740096000000, 14550027648.522171]"
2025-11-25 17:00:00,2955.046469321271,"[1740096000000, 330517520397.0965]","[1740096000000, 14550027648.522171]"
2025-11-26 17:00:00,3027.477249132549,"[1740096000000, 330517520397.0965]","[1740096000000, 14550027648.522171]"
2025-11-27 17:00:00,3015.6118196920934,"[1740096000000, 330517520397.0965]","[1740096000000, 14550027648.522171]"
2025-11-28 17:00:00,3033.135645414151,"[1740096000000, 330517520397.0965]","[1740096000000, 14550027648.522171]"
2025-11-29 17:00:00,2991.2330117032593,"[1740096000000, 330517520397.0965]","[1740096000000, 14550027648.522171]"
2025-11-30 17:00:00,2992.8341859495977,"[1740096000000, 330517520397.0965]","[1740096000000, 14550027648.522171]"
2025-12-01 17:00:00,2799.0367919901605,"[1740096000000, 330517520397.0965]","[1740096000000, 14550027648.522171]"
2025-12-02 17:00:00,2995.751149322771,"[1740096000000, 330517520397.0965]","[1740096000000, 14550027648.522171]"
2025-12-03 17:00:00,3195.4089919085554,"[1740096000000, 330517520397.0965]","[1740096000000, 14550027648.522171]"
2025-12-04 17:00:00,3133.698235618616,"[1740096000000, 330517520397.0965]","[1740096000000, 14550027648.522171]"
2025-12-05 17:00:00,3022.6564205232035,"[1740096000000, 330517520397.0965]","[1740096000000, 14550027648.522171]"
2025-12-06 17:00:00,3039.358573133242,"[1740096000000, 330517520397.0965]","[1740096000000, 14550027648.522171]"
2025-12-07 17:00:00,3052.976330436545,"[1740096000000, 330517520397.0965]","[1740096000000, 14550027648.522171]"
2025-12-08 17:00:00,3125.321462183988,"[1740096000000, 330517520397.0965]","[1740096000000, 14550027648.522171]"
2025-12-09 17:00:00,3322.469217836626,"[1740096000000, 330517520397.0965]","[1740096000000, 14550027648.522171]"
2025-12-10 17:00:00,3326.260211637518,"[1740096000000, 330517520397.0965]","[1740096000000, 14550027648.522171]"
2025-12-11 17:00:00,3236.0986208578574,"[1740096000000, 330517520397.0965]","[1740096000000, 14550027648.522171]"
2025-12-12 17:00:00,3085.316694358101,"[1740096000000, 330517520397.0965]","[1740096000000, 14550027648.522171]"
2025-12-13 17:00:00,3115.225428835284,"[1740096000000, 330517520397.0965]","[1740096000000, 14550027648.522171]"
2025-12-14 17:00:00,3065.4912355563642,"[1740096000000, 330517520397.0965]","[1740096000000, 14550027648.522171]"
2025-12-15 17:00:00,2964.488557692104,"[1740096000000, 330517520397.0965]","[1740096000000, 14550027648.522171]"
2025-12-16 17:00:00,2964.2627915054686,"[1740096000000, 330517520397.0965]","[1740096000000, 14550027648.522171]"
2025-12-17 17:00:00,2827.8041755024283,"[1740096000000, 330517520397.0965]","[1740096000000, 14550027648.522171]"
2025-12-18 17:00:00,2826.5948465107654,"[1740096000000, 330517520397.0965]","[1740096000000, 14550027648.522171]"
2025-12-19 17:00:00,2976.796869557769,"[1740096000000, 330517520397.0965]","[1740096000000, 14550027648.522171]"
2025-12-20 17:00:00,2977.162263207443,"[1740096000000, 330517520397.0965]","[1740096000000, 14550027648.522171]"
2025-12-21 17:00:00,3001.6008377810244,"[1740096000000, 330517520397.0965]","[1740096000000, 14550027648.522171]"
2025-12-22 17:00:00,3005.786780691547,"[1740096000000, 330517520397.0965]","[1740096000000, 14550027648.522171]"
2025-12-23 17:00:00,2965.193660040505,"[1740096000000, 330517520397.0965]","[1740096000000, 14550027648.522171]"
2025-12-24 17:00:00,2945.9878145019857,"[1740096000000, 330517520397.0965]","[1740096000000, 14550027648.522171]"
2025-12-25 17:00:00,2904.252344599994,"[1740096000000, 330517520397.0965]","[1740096000000, 14550027648.522171]"
2025-12-26 17:00:00,2926.695639112761,"[1740096000000, 330517520397.0965]","[1740096000000, 14550027648.522171]"
2025-12-27 17:00:00,2948.8621262576116,"[1740096000000, 330517520397.0965]","[1740096000000, 14550027648.522171]"
2025-12-28 17:00:00,2947.8597605720547,"[1740096000000, 330517520397.0965]","[1740096000000, 14550027648.522171]"
2025-12-29 17:00:00,2934.215601758931,"[1740096000000, 330517520397.0965]","[1740096000000, 14550027648.522171]"
2025-12-30 17:00:00,2970.055474481003,"[1740096000000, 330517520397.0965]","[1740096000000, 14550027648.522171]"
2025-12-31 17:00:00,2966.7741798134107,"[1740096000000, 330517520397.0965]","[1740096000000, 14550027648.522171]"
2026-01-01 17:00:00,3000.4191168879165,"[1740096000000, 330517520397.0965]","[1740096000000, 14550027648.522171]"
2026-01-02 17:00:00,3121.9006724537576,"[1740096000000, 330517520397.0965]","[1740096000000, 14550027648.522171]"
2026-01-03 17:00:00,3126.041091396286,"[1740096000000, 330517520397.0965]","[1740096000000, 14550027648.522171]"
2026-01-04 17:00:00,3139.057041912684,"[1740096000000, 330517520397.0965]","[1740096000000, 14550027648.522171]"
2026-01-05 17:00:00,3228.2962247842056,"[1740096000000, 330517520397.0965]","[1740096000000, 14550027648.522171]"
2026-01-06 17:00:00,3295.101927879638,"[1740096000000, 330517520397.0965]","[1740096000000, 14550027648.522171]"
2026-01-07 17:00:00,3164.794750249208,"[1740096000000, 330517520397.0965]","[1740096000000, 14550027648.522171]"
2026-01-08 17:00:00,3104.220322474917,"[1740096000000, 330517520397.0965]","[1740096000000, 14550027648.522171]"
2026-01-09 17:00:00,3083.1361173724354,"[1740096000000, 330517520397.0965]","[1740096000000, 14550027648.522171]"
2026-01-10 17:00:00,3082.9653288303607,"[1740096000000, 330517520397.0965]","[1740096000000, 14550027648.522171]"
2026-01-11 17:00:00,3119.3619360372772,"[1740096000000, 330517520397.0965]","[1740096000000, 14550027648.522171]"
2026-01-12 17:00:00,3090.2827206647894,"[1740096000000, 330517520397.0965]","[1740096000000, 14550027648.522171]"
2026-01-13 17:00:00,3319.9354070565078,"[1740096000000, 330517520397.0965]","[1740096000000, 14550027648.522171]"
2026-01-14 17:00:00,3356.4964063628336,"[1740096000000, 330517520397.0965]","[1740096000000, 14550027648.522171]"
2026-01-15 17:00:00,3318.2037023491666,"[1740096000000, 330517520397.0965]","[1740096000000, 14550027648.522171]"
2026-01-16 17:00:00,3296.062650076136,"[1740096000000, 330517520397.0965]","[1740096000000, 14550027648.522171]"
2026-01-17 17:00:00,3306.8712226908783,"[1740096000000, 330517520397.0965]","[1740096000000, 14550027648.522171]"
2026-01-18 17:00:00,3284.3194316465483,"[1740096000000, 330517520397.0965]","[1740096000000, 14550027648.522171]"
2026-01-19 17:00:00,3185.6644636922747,"[1740096000000, 330517520397.0965]","[1740096000000, 14550027648.522171]"
2026-01-20 17:00:00,2935.6234193160412,"[1740096000000, 330517520397.0965]","[1740096000000, 14550027648.522171]"
2026-01-21 17:00:00,2976.0491465641335,"[1740096000000, 330517520397.0965]","[1740096000000, 14550027648.522171]"
2026-01-22 17:00:00,2948.277889615024,"[1740096000000, 330517520397.0965]","[1740096000000, 14550027648.522171]"
2026-01-23 17:00:00,2950.9128485703054,"[1740096000000, 330517520397.0965]","[1740096000000, 14550027648.522171]"
2026-01-24 17:00:00,2949.197384616335,"[1740096000000, 330517520397.0965]","[1740096000000, 14550027648.522171]"
2026-01-25 17:00:00,2814.1853835458546,"[1740096000000, 330517520397.0965]","[1740096000000, 14550027648.522171]"
2026-01-26 17:00:00,2927.836546921288,"[1740096000000, 330517520397.0965]","[1740096000000, 14550027648.522171]"
2026-01-27 17:00:00,3021.091516998928,"[1740096000000, 330517520397.0965]","[1740096000000, 14550027648.522171]"
2026-01-28 17:00:00,3006.8071129555346,"[1740096000000, 330517520397.0965]","[1740096000000, 14550027648.522171]"
2026-01-29 17:00:00,2818.817890220326,"[1740096000000, 330517520397.0965]","[1740096000000, 14550027648.522171]"
2026-01-30 17:00:00,2702.40799526457,"[1740096000000, 330517520397.0965]","[1740096000000, 14550027648.522171]"
2026-01-31 17:00:00,2443.9290245632774,"[1740096000000, 330517520397.0965]","[1740096000000, 14550027648.522171]"
2026-02-01 17:00:00,2269.3288518651166,"[1740096000000, 330517520397.0965]","[1740096000000, 14550027648.522171]"
2026-02-02 17:00:00,2344.512261445349,"[1740096000000, 330517520397.0965]","[1740096000000, 14550027648.522171]"
2026-02-03 17:00:00,2226.985635575225,"[1740096000000, 330517520397.0965]","[1740096000000, 14550027648.522171]"
2026-02-04 17:00:00,2152.0870116729375,"[1740096000000, 330517520397.0965]","[1740096000000, 14550027648.522171]"
2026-02-05 17:00:00,1820.5693215574129,"[1740096000000, 330517520397.0965]","[1740096000000, 14550027648.522171]"
2026-02-06 17:00:00,2060.7349645674162,"[1740096000000, 330517520397.0965]","[1740096000000, 14550027648.522171]"
2026-02-07 17:00:00,2091.040353689534,"[1740096000000, 330517520397.0965]","[1740096000000, 14550027648.522171]"
2026-02-08 17:00:00,2095.1305644770564,"[1740096000000, 330517520397.0965]","[1740096000000, 14550027648.522171]"
2026-02-09 17:00:00,2104.4577921908335,"[1740096000000, 330517520397.0965]","[1740096000000, 14550027648.522171]"
2026-02-10 17:00:00,2018.9237788543585,"[1740096000000, 330517520397.0965]","[1740096000000, 14550027648.522171]"
2026-02-11 17:00:00,1939.4321739711042,"[1740096000000, 330517520397.0965]","[1740096000000, 14550027648.522171]"
2026-02-12 17:00:00,1945.7351413092624,"[1740096000000, 330517520397.0965]","[1740096000000, 14550027648.522171]"
2026-02-13 17:00:00,2047.3626742531244,"[1740096000000, 330517520397.0965]","[1740096000000, 14550027648.522171]"
2026-02-14 17:00:00,2085.5236826118394,"[1740096000000, 330517520397.0965]","[1740096000000, 14550027648.522171]"
2026-02-15 17:00:00,1963.9572853026268,"[1740096000000, 330517520397.0965]","[1740096000000, 14550027648.522171]"
2026-02-16 17:00:00,2000.6104432030938,"[1740096000000, 330517520397.0965]","[1740096000000, 14550027648.522171]"
2026-02-17 17:00:00,1992.004854467171,"[1740096000000, 330517520397.0965]","[1740096000000, 14550027648.522171]"
2026-02-18 17:00:00,1954.7534951528544,"[1740096000000, 330517520397.0965]","[1740096000000, 14550027648.522171]"
2026-02-19 17:00:00,1946.9092613594232,"[1740096000000, 330517520397.0965]","[1740096000000, 14550027648.522171]"
2026-02-20 05:35:42,1946.0272232501943,"[1740096000000, 330517520397.0965]","[1740096000000, 14550027648.522171]"
