timestamp,price
2025-11-22,83811.1247896444
2025-11-22,83989.47324134705
2025-11-22,84424.11447950368
2025-11-22,84087.07644835964
2025-11-22,84589.41913440154
2025-11-22,84475.97663358059
2025-11-22,84547.88982444437
2025-11-22,84585.5004705877
2025-11-22,84392.63644908676
2025-11-22,84388.38816540038
2025-11-22,85095.90189021763
2025-11-22,84675.50764856212
2025-11-22,84926.95123377659
2025-11-22,85803.91615173663
2025-11-22,86048.76826682864
2025-11-22,86218.8691684945
2025-11-22,86493.0061086547
2025-11-22,86205.96710156095
2025-11-23,85877.58507132971
2025-11-23,85644.68716163798
2025-11-23,86100.51796890023
2025-11-23,86351.27694702415
2025-11-23,86026.91718597314
2025-11-23,86243.91516556634
2025-11-23,86586.77250157468
2025-11-23,86934.67772560028
2025-11-23,86513.35909072272
2025-11-23,87226.47681707368
2025-11-23,87096.8864583934
2025-11-23,86838.44324049076
2025-11-23,86981.9427005984
2025-11-23,87381.61979501754
2025-11-23,87459.00743553902
2025-11-23,87856.91104466101
2025-11-23,87854.91896866458
2025-11-23,86783.84766839583
2025-11-23,86628.2459764275
2025-11-23,86848.54665879114
2025-11-23,87498.4558089519
2025-11-23,87280.45777186136
2025-11-23,86752.70249543806
2025-11-23,87387.45679921281
2025-11-24,86844.70882045799
2025-11-24,87075.74513315319
2025-11-24,86764.94391947515
2025-11-24,85953.91955751604
2025-11-24,86001.79035541319
2025-11-24,86268.29336648472
2025-11-24,85957.05408472917
2025-11-24,86269.6656515316
2025-11-24,86192.31160547498
2025-11-24,86425.72745227045
2025-11-24,87219.59492448122
2025-11-24,88428.17629657475
2025-11-24,88599.03241522705
2025-11-24,88356.83122629141
2025-11-24,89111.75024576523
2025-11-24,88749.78735098541
2025-11-24,88631.71085966966
2025-11-24,88229.35740719768
2025-11-24,88139.41175889166
2025-11-24,87829.57652809896
2025-11-24,87759.23926010152
2025-11-24,87710.53378537255
2025-11-24,88416.26556192817
2025-11-24,88100.74473486726
2025-11-25,87851.67691247856
2025-11-25,87385.4867712119
2025-11-25,87126.88420569089
2025-11-25,87035.34816069364
2025-11-25,87349.3248932984
2025-11-25,87368.70154934759
2025-11-25,87488.65596440769
2025-11-25,86898.36528137974
2025-11-25,86396.68263644705
2025-11-25,86910.96082919533
2025-11-25,87078.39643422313
2025-11-25,87515.4235640805
2025-11-25,87228.88735414941
2025-11-25,86826.83681405816
2025-11-25,87340.34991860151
2025-11-25,86978.09855205339
2025-11-25,87594.72411303585
2025-11-25,87310.33159950442
2025-11-25,87519.74766739071
2025-11-25,87884.060172756
2025-11-25,87758.1678796271
2025-11-25,87091.71946980437
2025-11-25,87198.0485583665
2025-11-25,87533.46385277133
2025-11-26,87794.92494380343
2025-11-26,87888.58561715245
2025-11-26,87388.00383293368
2025-11-26,86805.57291021988
2025-11-26,86942.3183287508
2025-11-26,87016.31004378395
2025-11-26,86597.45451490527
2025-11-26,87032.2237573809
2025-11-26,86938.44033179866
2025-11-26,86900.39403850977
2025-11-26,87816.9620054015
2025-11-26,89679.636920768
2025-11-26,90135.4617095681
2025-11-26,89974.73440191097
2025-11-26,89892.71151639915
2025-11-26,90177.58874212035
2025-11-26,90249.96897580565
2025-11-26,90474.22677969698
2025-11-26,90443.99930725468
2025-11-26,90672.63665569115
2025-11-26,91587.21677348937
2025-11-26,91164.97533596179
2025-11-26,91263.33732195737
2025-11-26,90939.97388637412
2025-11-27,91200.42621055408
2025-11-27,91381.43807412974
2025-11-27,91478.05273667352
2025-11-27,91576.58973024273
2025-11-27,91598.34021650812
2025-11-27,91376.7077706091
2025-11-27,90987.79712414106
2025-11-27,90905.09240108743
2025-11-27,90761.6833187102
2025-11-27,90920.42601556465
2025-11-27,91459.50551449621
2025-11-27,91442.5470438727
2025-11-27,91804.82094206505
2025-11-27,91539.36768049354
2025-11-27,91485.68637120655
2025-11-27,91473.72674753252
2025-11-27,91312.76899397155
2025-11-27,91323.62827620257
2025-11-27,91132.0278089504
2025-11-27,90811.0714191063
2025-11-27,91023.52004227442
2025-11-27,91194.97100263558
2025-11-27,91427.07002902139
2025-11-27,91622.80614870525
2025-11-28,91357.40418771433
2025-11-28,90914.78541547488
2025-11-28,91586.77543014655
2025-11-28,91575.0569979346
2025-11-28,91827.76941884054
2025-11-28,91427.29692487956
2025-11-28,91501.38254936752
2025-11-28,92329.75218670673
2025-11-28,92202.8635352892
2025-11-28,92346.3518191028
2025-11-28,90916.07081958275
2025-11-28,90669.96401023648
2025-11-28,90875.03116346477
2025-11-28,91073.47626876217
2025-11-28,91214.6778806227
2025-11-28,91004.2467183952
2025-11-28,91127.20612080491
2025-11-28,90904.86767344689
2025-11-28,90915.53889060777
2025-11-28,90903.54544934392
2025-11-28,90729.94558372116
2025-11-28,90703.32205961774
2025-11-28,90832.40522733841
2025-11-28,90760.43415099659
2025-11-29,90577.3016032145
2025-11-29,90566.64547606678
2025-11-29,90656.69077727084
2025-11-29,90570.83431220289
2025-11-29,90570.90074621874
2025-11-29,90682.38876677728
2025-11-29,90643.83762875079
2025-11-29,90792.77747104311
2025-11-29,90657.75590554604
2025-11-29,91040.54640850973
2025-11-29,91010.85460130044
2025-11-29,90475.97662592627
2025-11-29,90712.0028373462
2025-11-29,90673.14817788692
2025-11-29,90947.02454728537
2025-11-29,91032.09673034618
2025-11-29,90788.7597853794
2025-11-29,90841.45258193677
2025-11-29,90869.67603539713
2025-11-29,90938.30683585707
2025-11-29,90802.75505671403
2025-11-29,90892.89987772267
2025-11-29,90858.18783526495
2025-11-29,90820.86657093189
2025-11-30,90901.61050740648
2025-11-30,90980.08369172398
2025-11-30,91245.5298446914
2025-11-30,91415.59812963865
2025-11-30,91250.35811895505
2025-11-30,91080.50963597072
2025-11-30,91435.84477550915
2025-11-30,91751.81702045338
2025-11-30,91446.98814551288
2025-11-30,91475.5890645801
2025-11-30,91814.62353308922
2025-11-30,91477.54598695686
2025-11-30,91455.11137688499
2025-11-30,91440.20549816827
2025-11-30,91314.55693607975
2025-11-30,91176.29202753108
2025-11-30,91159.28211972128
2025-11-30,90359.86873169734
2025-11-30,87107.57804601092
2025-11-30,87209.3202760441
2025-11-30,86607.95806802201
2025-11-30,86347.62398034424
2025-11-30,85788.16096067103
2025-11-30,85996.54791593562
2025-12-01,86248.96829120435
2025-12-01,86509.66964426964
2025-12-01,86828.86588088673
2025-12-01,86711.05550833189
2025-12-01,86632.27972318193
2025-12-01,86262.5310475135
2025-12-01,85452.87201488385
2025-12-01,85992.51478024718
2025-12-01,86023.91194853347
2025-12-01,84634.95418600549
2025-12-01,84553.51608407828
2025-12-01,84958.90011684994
2025-12-01,85230.8975559526
2025-12-01,85003.07161606019
2025-12-01,85607.92665356252
2025-12-01,86425.82291576332
2025-12-01,86642.17601166596
2025-12-01,86281.49519776918
2025-12-01,86589.01329234689
2025-12-01,86431.01161842069
2025-12-01,86639.7190996139
2025-12-01,86979.2416342632
2025-12-01,86999.26753257588
2025-12-01,87009.82948356986
2025-12-02,87094.35617736231
2025-12-02,87032.32838561568
2025-12-02,86418.6233251056
2025-12-02,86789.61201168034
2025-12-02,87283.4200046968
2025-12-02,87372.145785899
2025-12-02,87310.28717151324
2025-12-02,87676.27574943205
2025-12-02,89212.56733407508
2025-12-02,90929.17033076797
2025-12-02,90988.35289671065
2025-12-02,91516.49010026302
2025-12-02,92003.14962051474
2025-12-02,91925.7686665393
2025-12-02,91006.60257571642
2025-12-02,91642.26634875845
2025-12-02,91972.84712515515
2025-12-02,91320.07942505727
2025-12-02,91587.10768114813
2025-12-02,92305.80571530102
2025-12-02,92804.99277281489
2025-12-02,92694.94244803755
2025-12-02,93148.20270941404
2025-12-02,93673.50779118965
2025-12-03,93405.41156538975
2025-12-03,92997.38296608128
2025-12-03,92758.94715524407
2025-12-03,93187.76365353932
2025-12-03,92967.95172916472
2025-12-03,93014.56287493998
2025-12-03,92955.9934046737
2025-12-03,93155.5710477267
2025-12-03,92689.18467540754
2025-12-03,92462.71285159403
2025-12-03,92358.91089703525
2025-12-03,92991.34046933519
2025-12-03,92701.01925701783
2025-12-03,93042.76426891205
2025-12-03,92956.21718894965
2025-12-03,93748.59078386276
2025-12-03,93717.47149577878
2025-12-03,93428.59451478458
2025-12-03,93035.40920589627
2025-12-03,93194.86563225763
2025-12-03,93855.83582607246
2025-12-03,93567.32981233204
2025-12-03,93361.27533623583
2025-12-03,92899.65881208924
2025-12-04,93124.7224503544
2025-12-04,93344.22464629909
2025-12-04,93162.29916189116
2025-12-04,93576.35582972465
2025-12-04,93249.89554012878
2025-12-04,92962.28988355577
2025-12-04,92982.88944879391
2025-12-04,92532.02394137291
2025-12-04,92053.41845475078
2025-12-04,92596.47508142228
2025-12-04,92349.10012511045
2025-12-04,92448.2278390964
2025-12-04,92131.16632716786
2025-12-04,92068.62882915599
2025-12-04,92469.36285556007
2025-12-04,92194.78324592086
2025-12-04,92349.58095934307
2025-12-04,92140.70419795791
2025-12-04,92302.08974651141
2025-12-04,92370.2072229294
2025-12-04,92527.8315926902
2025-12-04,92302.35560866309
2025-12-04,92070.48457147281
2025-12-04,91921.18210371182
2025-12-05,92263.3299565551
2025-12-05,92244.84957275762
2025-12-05,92114.99015350078
2025-12-05,91133.25125696731
2025-12-05,91321.13588701593
2025-12-05,91367.32047901883
2025-12-05,91261.71327040567
2025-12-05,90495.89880179014
2025-12-05,90239.62309417447
2025-12-05,90691.05834616034
2025-12-05,88838.81256963374
2025-12-05,89320.67330009381
2025-12-05,88971.13700892155
2025-12-05,89661.0097557126
2025-12-05,89319.18628091525
2025-12-05,89168.6188930498
2025-12-05,89246.76255414792
2025-12-05,89307.09154512963
2025-12-05,89411.87151142707
2025-12-05,89313.00635292601
2025-12-05,89404.64876063257
2025-12-05,89659.75706048295
2025-12-05,89670.35753876393
2025-12-05,89596.5402589313
2025-12-06,89700.0501824711
2025-12-06,89610.67940053929
2025-12-06,89322.01341173225
2025-12-06,89590.58493068343
2025-12-06,89523.29215522746
2025-12-06,89626.21664015269
2025-12-06,89598.52998975923
2025-12-06,89686.06129936306
2025-12-06,90081.81117280423
2025-12-06,89791.26875713006
2025-12-06,89711.11278041216
2025-12-06,89688.726231859
2025-12-06,89594.48934194396
2025-12-06,89463.06998584204
2025-12-06,89554.86879282963
2025-12-06,89447.79992594938
2025-12-06,89301.79183131723
2025-12-06,89244.7620814118
2025-12-06,89442.08598085925
2025-12-06,89380.5784461144
2025-12-06,89591.40163921085
2025-12-06,89728.67942532501
2025-12-06,89553.15476748442
2025-12-06,89501.47167967241
2025-12-07,89592.78832989243
2025-12-07,89375.83415426753
2025-12-07,89428.99362624755
2025-12-07,89125.8674744549
2025-12-07,89260.10758592366
2025-12-07,89179.22240236348
2025-12-07,89481.7211308164
2025-12-07,89062.22627235795
2025-12-07,88202.39414470572
2025-12-07,89472.58036849847
2025-12-07,89818.66878296863
2025-12-07,90871.38352473611
2025-12-07,91404.6679612346
2025-12-07,91348.91857747045
2025-12-07,91432.38872266383
2025-12-07,90017.8399930689
2025-12-07,89669.56280777082
2025-12-07,90398.44875659449
2025-12-07,90404.72666612809
2025-12-07,91117.21836182859
2025-12-07,91393.1884031835
2025-12-07,91038.85575701772
2025-12-07,91221.02400236895
2025-12-07,91327.40930587606
2025-12-08,91579.98599855526
2025-12-08,91541.15536000222
2025-12-08,91856.52696684626
2025-12-08,91919.1147204135
2025-12-08,92130.30140568635
2025-12-08,91970.39918188896
2025-12-08,91773.79233492597
2025-12-08,91534.86023966796
2025-12-08,90883.16143531555
2025-12-08,90114.80515515296
2025-12-08,89841.06111713321
2025-12-08,90001.43020668387
2025-12-08,89888.90896735874
2025-12-08,90295.90375895712
2025-12-08,90774.3775809705
2025-12-08,91353.07766391555
2025-12-08,90858.05062091617
2025-12-08,90626.03734312119
2025-12-08,90402.40253959721
2025-12-08,90059.53846828423
2025-12-08,90153.53918752559
2025-12-08,90420.21548510875
2025-12-08,89908.32646008272
2025-12-08,89923.04989704031
2025-12-09,90178.84633445465
2025-12-09,90482.4862936932
2025-12-09,90479.43467161931
2025-12-09,90171.74987695283
2025-12-09,90245.23997652612
2025-12-09,90398.45972205752
2025-12-09,90550.60274621374
2025-12-09,90451.2816787047
2025-12-09,90284.16136437163
2025-12-09,93103.98634687548
2025-12-09,94267.1832941627
2025-12-09,93920.90473522742
2025-12-09,93920.23589966235
2025-12-09,93881.98556269355
2025-12-09,93065.23177559406
2025-12-09,92711.39528114548
2025-12-09,92790.20448989807
2025-12-09,92686.10402025313
2025-12-09,92157.39293716304
2025-12-09,92324.90446978032
2025-12-09,92484.68449061408
2025-12-09,92410.12951343387
2025-12-09,92532.04126979447
2025-12-09,92589.68700272198
2025-12-10,92688.72784020523
2025-12-10,92700.84237056004
2025-12-10,92623.70256256762
2025-12-10,92865.55966048971
2025-12-10,92302.24850832098
2025-12-10,92098.54214403489
2025-12-10,91971.47016600415
2025-12-10,92066.23910408375
2025-12-10,91801.71806295244
2025-12-10,91925.01301901884
2025-12-10,92161.83427424994
2025-12-10,92359.13258502026
2025-12-10,92452.98824422824
2025-12-10,92991.94802108228
2025-12-10,92571.34583235167
2025-12-10,92378.76809342115
2025-12-10,92541.97526271449
2025-12-10,92005.13714957413
2025-12-10,91234.35089361278
2025-12-10,90581.63312349115
2025-12-10,90010.47516574137
2025-12-10,89847.74904390301
2025-12-10,90429.2959710253
2025-12-10,90326.58067449176
2025-12-11,90297.96444701945
2025-12-11,90254.79657357016
2025-12-11,90177.630745499
2025-12-11,90261.28377800956
2025-12-11,90311.07465277931
2025-12-11,90243.1997213647
2025-12-11,90150.50776909872
2025-12-11,90140.72165136607
2025-12-11,89463.2323445275
2025-12-11,89858.098998661
2025-12-11,89798.28032192719
2025-12-11,89963.24823227283
2025-12-11,90606.41419222065
2025-12-11,90856.50878419071
2025-12-11,91654.63656934419
2025-12-11,93042.43802644171
2025-12-11,92243.5394501412
2025-12-11,92494.17691640415
2025-12-11,92136.1782605738
2025-12-11,92191.92871455324
2025-12-11,92584.46652311603
2025-12-11,92300.73489951616
2025-12-11,92409.3679774134
2025-12-11,92418.10102035834
2025-12-12,92520.5820421584
2025-12-12,92446.83415918204
2025-12-12,92265.0009989212
2025-12-12,92391.9395663188
2025-12-12,92414.52820402496
2025-12-12,92405.03428877179
2025-12-12,92396.63341482232
2025-12-12,92280.6327385549
2025-12-12,92510.954770233
2025-12-12,89947.35621835101
2025-12-12,90084.0887493541
2025-12-12,90045.02162170896
2025-12-12,90587.53931965493
2025-12-12,90195.2534824437
2025-12-12,90300.35604485389
2025-12-12,90216.45117344358
2025-12-12,90323.07179560265
2025-12-12,90307.26028567803
2025-12-12,90333.80918947668
2025-12-12,90219.70368191416
2025-12-12,90233.36847229167
2025-12-12,90362.49787361179
2025-12-12,90366.89143832374
2025-12-12,90284.22919509024
2025-12-13,90358.63720040456
2025-12-13,90332.54808133405
2025-12-13,90474.25879335239
2025-12-13,90413.90012203652
2025-12-13,90601.31912456751
2025-12-13,90350.91781562121
2025-12-13,90312.09050290582
2025-12-13,90256.14764610285
2025-12-13,90105.01414762474
2025-12-13,90097.46740622642
2025-12-13,90095.94884790409
2025-12-13,90056.9602943351
2025-12-13,90119.90143464747
2025-12-13,90189.90865634271
2025-12-13,90132.23549524162
2025-12-13,90067.13467142553
2025-12-13,90170.685696021
2025-12-13,90253.11813342397
2025-12-13,90357.27452201652
2025-12-13,90298.00793502598
2025-12-13,90288.06549056442
2025-12-13,90251.74050833493
2025-12-13,90202.89925881376
2025-12-13,90195.39829927523
2025-12-14,90151.98318157879
2025-12-14,90235.19014847181
2025-12-14,90161.59120299897
2025-12-14,90023.43917813247
2025-12-14,89840.80964857385
2025-12-14,89231.74542159855
2025-12-14,89395.70903561803
2025-12-14,89311.27541342899
2025-12-14,89020.13114083151
2025-12-14,89009.25981262162
2025-12-14,88809.76576919208
2025-12-14,88809.27700826648
2025-12-14,88998.90781774413
2025-12-14,88674.60117447103
2025-12-14,88577.56241554697
2025-12-14,88477.2989237882
2025-12-14,88291.27423697856
2025-12-14,88230.77409367911
2025-12-14,88488.55514914883
2025-12-14,89274.74658721793
2025-12-14,89310.04361576558
2025-12-14,89297.3727219714
2025-12-14,89668.13527779233
2025-12-14,89564.69022439446
2025-12-15,89811.24061072449
2025-12-15,89714.60638590455
2025-12-15,89794.92174069313
2025-12-15,89867.63967629262
2025-12-15,89869.01773202233
2025-12-15,89640.50135204557
2025-12-15,89699.67091524602
2025-12-15,89438.97307941841
2025-12-15,87975.78932131453
2025-12-15,86944.63604570336
2025-12-15,86376.50299974006
2025-12-15,85704.70802098143
2025-12-15,86173.54692397923
2025-12-15,86025.87478170796
2025-12-15,85803.51861744869
2025-12-15,86217.69481699889
2025-12-15,86115.3087389092
2025-12-15,86413.22138097929
2025-12-15,85814.24822225161
2025-12-15,85900.22101168243
2025-12-15,85950.10854836363
2025-12-15,85848.70319000457
2025-12-15,85830.92653857765
2025-12-15,86036.81198662342
2025-12-16,86515.59449042796
2025-12-16,86036.32380994338
2025-12-16,86243.71038076178
2025-12-16,86305.28532317241
2025-12-16,86969.77661275564
2025-12-16,87273.02449471162
2025-12-16,87165.62687309732
2025-12-16,86587.04792162194
2025-12-16,87253.23405418466
2025-12-16,87882.79494072369
2025-12-16,87604.55174544627
2025-12-16,87208.3896691149
2025-12-16,87813.4090457039
2025-12-16,87655.29890665147
2025-12-16,87597.60958564984
2025-12-16,87760.1392006664
2025-12-16,87752.71363044197
2025-12-16,87719.68139798648
2025-12-16,87531.08453385351
2025-12-16,87529.16075056713
2025-12-16,87463.03701683931
2025-12-16,87201.55385192954
2025-12-16,86717.93883923747
2025-12-16,86611.40625050131
2025-12-17,86752.66970569802
2025-12-17,86962.89294512525
2025-12-17,86403.63564200535
2025-12-17,86414.27650969155
2025-12-17,86599.00819691329
2025-12-17,86980.9986846074
2025-12-17,87000.26908603232
2025-12-17,87511.50208853393
2025-12-17,89605.99206418035
2025-12-17,87208.74499942208
2025-12-17,86891.44642653203
2025-12-17,86393.2691564181
2025-12-17,85809.17338229857
2025-12-17,85988.58906623501
2025-12-17,85879.52741627058
2025-12-17,85909.51652708607
2025-12-17,86219.03175601113
2025-12-17,86196.82137334664
2025-12-17,86241.10441524643
2025-12-17,86089.47717926627
2025-12-17,86691.70943913361
2025-12-17,86582.84656447823
2025-12-17,86731.73341847573
2025-12-17,86384.92946031723
2025-12-18,86587.31198717508
2025-12-18,86789.31115287075
2025-12-18,86935.8570831682
2025-12-18,87250.00676854789
2025-12-18,87240.39269192026
2025-12-18,87244.88515020163
2025-12-18,87336.94918558592
2025-12-18,88864.61364522365
2025-12-18,88384.71155970976
2025-12-18,88388.2696711214
2025-12-18,87900.4424865496
2025-12-18,86272.07198552167
2025-12-18,85627.01532453577
2025-12-18,84581.28337226612
2025-12-18,84882.80881950885
2025-12-18,85579.6307831976
2025-12-18,85515.31133068129
2025-12-18,85450.3312009302
2025-12-18,85541.01417679088
2025-12-18,85260.28735713419
2025-12-18,85620.55609485791
2025-12-18,86800.33696068579
2025-12-18,87033.92978571239
2025-12-18,86997.3833852665
2025-12-19,87354.9053125322
2025-12-19,87893.89929493939
2025-12-19,88073.99235412852
2025-12-19,88052.73163324215
2025-12-19,88212.86284310966
2025-12-19,88155.57188335957
2025-12-19,87890.46093578546
2025-12-19,87906.97107319967
2025-12-19,88146.41050571992
2025-12-19,87941.9362630175
2025-12-19,88056.97849281115
2025-12-19,87289.50172999379
2025-12-19,87199.02273302485
2025-12-19,87835.79530625477
2025-12-19,87947.57321638991
2025-12-19,87799.01372320102
2025-12-19,88241.70207869307
2025-12-19,88103.86075721023
2025-12-19,87944.87887946366
2025-12-19,88034.46672552695
2025-12-19,88170.41516769843
2025-12-19,88181.96667391635
2025-12-19,88224.17548774029
2025-12-19,88275.05618928866
2025-12-20,88263.89938562847
2025-12-20,88189.6772340725
2025-12-20,88211.48860112648
2025-12-20,88183.64417062284
2025-12-20,88120.5874801989
2025-12-20,88236.7165699126
2025-12-20,88208.26480155799
2025-12-20,88132.96940842588
2025-12-20,88207.47730208164
2025-12-20,88148.40906212795
2025-12-20,88102.96117414252
2025-12-20,88146.15486261403
2025-12-20,88208.80274231792
2025-12-20,88197.2001032788
2025-12-20,88224.92144552509
2025-12-20,88183.68318766814
2025-12-20,88288.45846354128
2025-12-20,88347.94310567998
2025-12-20,88310.83005141905
2025-12-20,88094.49993212795
2025-12-20,87902.53139676063
2025-12-20,88026.56547093973
2025-12-20,88039.55701971469
2025-12-20,88096.92332547231
2025-12-21,88067.80650576256
2025-12-21,88096.03952519396
2025-12-21,88507.34177043913
2025-12-21,88948.66417291677
2025-12-21,88630.31885043465
2025-12-21,88565.63772600175
2025-12-21,88561.97572770563
2025-12-21,87655.16418543628
2025-12-21,88027.29024029589
2025-12-21,88082.42273299964
2025-12-21,88341.3886463641
2025-12-21,88284.58255882129
2025-12-21,88427.25355200119
2025-12-21,88459.8138707823
2025-12-21,88197.1818973117
2025-12-21,88106.66928225872
2025-12-21,88466.39336921231
2025-12-21,88672.32967904503
2025-12-21,88634.59992349986
2025-12-21,88596.95085243393
2025-12-21,88434.5680113634
2025-12-21,88683.95539672003
2025-12-21,88884.54693933633
2025-12-21,88802.66612556993
2025-12-22,88944.79544150726
2025-12-22,89102.18315091524
2025-12-22,89286.25306002611
2025-12-22,89759.27436465674
2025-12-22,89719.54780215317
2025-12-22,89932.453149189
2025-12-22,90168.94448705531
2025-12-22,89882.06268294484
2025-12-22,90069.3287142906
2025-12-22,89748.71371711291
2025-12-22,89525.98269298763
2025-12-22,89223.13257530292
2025-12-22,89141.174326108
2025-12-22,88035.95554969124
2025-12-22,88366.44334435272
2025-12-22,88231.5353104207
2025-12-22,88604.74504931869
2025-12-22,88491.12020788102
2025-12-22,88741.53847338387
2025-12-22,88470.12460081064
2025-12-22,88176.44063603197
2025-12-22,88197.33430243972
2025-12-22,87913.07203703199
2025-12-22,87728.15974676836
2025-12-23,87407.99951808747
2025-12-23,87541.12560111411
2025-12-23,87411.24232244496
2025-12-23,87464.0247621436
2025-12-23,87527.8405648995
2025-12-23,87792.52130336233
2025-12-23,87706.22152980235
2025-12-23,87594.35755237211
2025-12-23,87152.73628745983
2025-12-23,87356.9699978167
2025-12-23,87964.3054163171
2025-12-23,87391.65244198311
2025-12-23,87941.58834841537
2025-12-23,87711.62174670833
2025-12-23,87707.99892444522
2025-12-23,87677.3991236105
2025-12-23,87350.51606204086
2025-12-23,87496.14669239183
2025-12-23,87576.75638300544
2025-12-23,87568.34335433155
2025-12-23,87098.6376529892
2025-12-23,87287.03771684444
2025-12-23,87102.95468768984
2025-12-23,86901.83346867275
2025-12-24,86953.96001126345
2025-12-24,86897.93884723524
2025-12-24,86744.95439499128
2025-12-24,86755.27157562514
2025-12-24,87032.38740367128
2025-12-24,87167.50881921005
2025-12-24,87377.7568744928
2025-12-24,87253.65023038814
2025-12-24,87021.17421868017
2025-12-24,86946.66326946592
2025-12-24,87210.88707453896
2025-12-24,87268.56056262016
2025-12-24,87423.4973806886
2025-12-24,87498.39263017818
2025-12-24,87501.92307200629
2025-12-24,87634.84624795866
2025-12-24,87941.71251768363
2025-12-24,87589.01664996856
2025-12-24,87504.66722919847
2025-12-24,87624.62806429956
2025-12-24,87826.54727424197
2025-12-24,87787.45295939443
2025-12-24,87726.49335579191
2025-12-24,87695.3125759412
2025-12-25,87745.16448427032
2025-12-25,87792.00925262105
2025-12-25,87507.36827602262
2025-12-25,87461.72262542366
2025-12-25,87352.86585433579
2025-12-25,87471.52954878075
2025-12-25,87514.02941895252
2025-12-25,87582.17251174171
2025-12-25,87688.24357479955
2025-12-25,88309.93822214384
2025-12-25,88032.85266346157
2025-12-25,88117.04875876881
2025-12-25,88180.39786398709
2025-12-25,88087.48361094733
2025-12-25,87827.38656970617
2025-12-25,87829.19832423747
2025-12-25,87535.27743569968
2025-12-25,87192.23473670239
2025-12-25,87065.33825537036
2025-12-25,87370.47138685817
2025-12-25,89180.44167406879
2025-12-25,88731.5672189798
2025-12-25,88961.51425156754
2025-12-25,88923.6262811757
2025-12-26,89107.91658837824
2025-12-26,88520.97516422838
2025-12-26,88662.46214386416
2025-12-26,88758.1248272432
2025-12-26,88688.98566188756
2025-12-26,88518.39585715122
2025-12-26,88624.77079887188
2025-12-26,88950.88216293421
2025-12-26,87522.0747527748
2025-12-26,87068.90220576277
2025-12-26,87176.52993485738
2025-12-26,87246.34858633242
2025-12-26,87232.24050865872
2025-12-26,87455.09274338928
2025-12-26,87541.23129682484
2025-12-26,87447.2093978079
2025-12-26,87457.38330543491
2025-12-26,87305.95655961394
2025-12-26,87331.83466780014
2025-12-26,87410.60245095326
2025-12-26,87385.78124687802
2025-12-26,87449.49100891351
2025-12-26,87413.42867637258
2025-12-26,87449.55883549823
2025-12-27,87412.25285943052
2025-12-27,87500.5618899692
2025-12-27,87526.81056916506
2025-12-27,87561.28127783108
2025-12-27,87450.21256299612
2025-12-27,87441.64735810066
2025-12-27,87429.37950121735
2025-12-27,87414.0458492477
2025-12-27,87492.23303563324
2025-12-27,87522.28125535187
2025-12-27,87457.99299170978
2025-12-27,87521.45452172357
2025-12-27,87426.16201961905
2025-12-27,87521.25755192355
2025-12-27,87501.80740262076
2025-12-27,87610.047999887
2025-12-27,87534.30577163116
2025-12-27,87807.003210775
2025-12-27,87802.11445458242
2025-12-27,87723.84473057147
2025-12-27,87754.7573999438
2025-12-27,87667.94963997438
2025-12-27,87662.64669745538
2025-12-27,87591.90334184222
2025-12-28,87670.6301496266
2025-12-28,87671.8912108555
2025-12-28,87751.08528807551
2025-12-28,87724.12285754617
2025-12-28,87814.33890093885
2025-12-28,87815.49296991917
2025-12-28,87772.47913525718
2025-12-28,87828.3109876691
2025-12-28,87838.49972865467
2025-12-28,87785.47314437952
2025-12-28,87751.97783642549
2025-12-28,87703.37092618537
2025-12-28,87544.32407364761
2025-12-28,87478.52467666323
2025-12-28,87464.64355756478
2025-12-28,87508.67578361547
2025-12-28,87873.96066542523
2025-12-28,87867.03943448896
2025-12-28,88225.13163706176
2025-12-28,88398.89014326298
2025-12-28,89102.94674105282
2025-12-28,90018.7192018322
2025-12-28,90064.22491132967
2025-12-28,89889.6094935916
2025-12-29,89708.93326817045
2025-12-29,89526.09271051922
2025-12-29,89454.92302641607
2025-12-29,87972.04240243543
2025-12-29,87694.98721897649
2025-12-29,87483.27563699601
2025-12-29,87342.7513683552
2025-12-29,87241.80726139687
2025-12-29,87325.36311458857
2025-12-29,87596.12658342627
2025-12-29,87568.10208140207
2025-12-29,87722.48638263419
2025-12-29,87356.66974281007
2025-12-29,87250.66645564871
2025-12-29,87165.57156330097
2025-12-29,87220.83365507929
2025-12-29,87283.31328161011
2025-12-29,87154.68240604762
2025-12-29,87143.42987466368
2025-12-29,87177.58378271773
2025-12-29,86979.26380079919
2025-12-29,87265.17455769595
2025-12-29,87209.21553238074
2025-12-29,87121.05400342717
2025-12-30,87304.97581129284
2025-12-30,87385.19997272956
2025-12-30,87741.1086305317
2025-12-30,87961.61821726551
2025-12-30,87819.0620396969
2025-12-30,87856.11861673644
2025-12-30,87907.96471390928
2025-12-30,87925.50114199905
2025-12-30,88830.02069459675
2025-12-30,88957.43651898901
2025-12-30,88679.13145270688
2025-12-30,88280.19780215024
2025-12-30,88222.77955308286
2025-12-30,88144.65512277858
2025-12-30,87820.99218853247
2025-12-30,88176.76406248752
2025-12-30,88352.70423735311
2025-12-30,88363.72223633934
2025-12-30,88155.43529950948
2025-12-30,88543.73991980821
2025-12-30,88621.1106508067
2025-12-30,88333.35841063698
2025-12-30,88272.10970713667
2025-12-30,88354.98611154227
2025-12-31,88401.75803765882
2025-12-31,88536.63728500802
2025-12-31,88322.59413482556
2025-12-31,88584.37355605865
2025-12-31,88627.57554664447
2025-12-31,88880.0117664658
2025-12-31,88672.83428024875
2025-12-31,88871.82161562364
2025-12-31,88341.78047451952
2025-12-31,87934.3700195927
2025-12-31,87526.24222940418
2025-12-31,87547.34320985172
2025-12-31,87611.87866903524
2025-12-31,87409.55958069453
2025-12-31,87528.9435476781
2025-12-31,87688.59744081784
2025-12-31,87568.19306011873
2025-12-31,87517.2715407769
2025-12-31,87678.34350242827
2025-12-31,87805.1098873297
2025-12-31,87762.43586332948
2025-12-31,87707.3510957739
2025-12-31,87483.89739989582
2025-12-31,87562.87496289145
2026-01-01,87519.94507527257
2026-01-01,87491.8322185784
2026-01-01,87630.1189544374
2026-01-01,87741.72744970635
2026-01-01,87725.9719530991
2026-01-01,87884.19977001144
2026-01-01,87798.23297232248
2026-01-01,87773.23409625847
2026-01-01,87843.34353908882
2026-01-01,87902.0339614188
2026-01-01,87874.08291773222
2026-01-01,88226.76991709975
2026-01-01,88064.1598829407
2026-01-01,88231.04091302218
2026-01-01,88150.35157179997
2026-01-01,88268.1294201436
2026-01-01,88587.34898899503
2026-01-01,88727.67004249741
2026-01-01,88737.78254191359
2026-01-01,88526.48891008331
2026-01-01,88496.24888004114
2026-01-01,88979.0518224415
2026-01-01,88532.3566663556
2026-01-01,88637.90336097717
2026-01-02,88861.20752068178
2026-01-02,88765.50738507624
2026-01-02,88990.47113038534
2026-01-02,89355.77411569808
2026-01-02,89510.66189737612
2026-01-02,89400.11748925265
2026-01-02,89325.09997527584
2026-01-02,89417.47051476291
2026-01-02,89598.2785649
2026-01-02,89512.15015810606
2026-01-02,90158.99234932158
2026-01-02,90290.53065527705
2026-01-02,89625.91857293721
2026-01-02,89894.28424562467
2026-01-02,89615.76094157377
2026-01-02,90048.08856448405
2026-01-02,90224.99850237134
2026-01-02,89926.27924953419
2026-01-02,90108.78279992807
2026-01-02,90137.64522438588
2026-01-02,90293.91833549077
2026-01-02,90284.78370412003
2026-01-02,90093.14086907059
2026-01-02,89990.9375716159
2026-01-03,89823.97137918117
2026-01-03,89537.62578452252
2026-01-03,89675.17731300955
2026-01-03,89804.0818165691
2026-01-03,89769.01756687474
2026-01-03,89687.81883631476
2026-01-03,89936.67464895351
2026-01-03,89926.8651034987
2026-01-03,90039.77351101818
2026-01-03,89924.0917733841
2026-01-03,90109.35505444142
2026-01-03,90040.19063765438
2026-01-03,90090.6221291144
2026-01-03,90070.7892761265
2026-01-03,90292.44801010672
2026-01-03,90458.16716793815
2026-01-03,90546.2336878092
2026-01-03,90593.85443180417
2026-01-03,91321.03468311863
2026-01-03,91123.70093430963
2026-01-03,91087.99173734341
2026-01-03,91203.9342172425
2026-01-03,91391.94981979414
2026-01-03,91391.76330232913
2026-01-04,91311.35268705775
2026-01-04,91426.51404617917
2026-01-04,91330.19558836316
2026-01-04,91369.71646478614
2026-01-04,91537.88892858574
2026-01-04,91213.09959714439
2026-01-04,91113.96227281967
2026-01-04,91210.73227903695
2026-01-04,91288.02712157316
2026-01-04,91264.45194282269
2026-01-04,91281.44266894199
2026-01-04,91324.95226893839
2026-01-04,91143.35298677653
2026-01-04,91104.3768148137
2026-01-04,91276.90623896016
2026-01-04,91220.32913021458
2026-01-04,91138.83648319764
2026-01-04,91373.21588108438
2026-01-04,92249.04927004079
2026-01-04,92979.42385355277
2026-01-04,92999.32699983465
2026-01-04,92857.97259932947
2026-01-04,92545.49206597652
2026-01-04,92320.29748433061
2026-01-05,92474.87041259132
2026-01-05,92481.03387220706
2026-01-05,92433.94518668532
2026-01-05,92641.79780274059
2026-01-05,93060.22735273126
2026-01-05,93082.75612082868
2026-01-05,92817.51509772752
2026-01-05,92718.94784779997
2026-01-05,93404.60928949519
2026-01-05,93824.83366738875
2026-01-05,93681.9806622193
2026-01-05,94174.36380464156
2026-01-05,94420.78178379484
2026-01-05,94264.92373429248
2026-01-05,94155.357904312
2026-01-05,94154.53476158931
2026-01-05,94172.16706203608
2026-01-05,93864.98498443165
2026-01-05,93832.2045226641
2026-01-05,93756.86914043773
2026-01-05,93608.4927777403
2026-01-05,93753.71298267461
2026-01-05,93780.6789900382
2026-01-05,93569.02714900055
2026-01-06,93735.10761047016
2026-01-06,93211.38105676149
2026-01-06,93205.29594070527
2026-01-06,93471.19471577024
2026-01-06,93537.21080763068
2026-01-06,93805.62296229479
2026-01-06,93799.13089425345
2026-01-06,93698.27670401288
2026-01-06,93752.27246303273
2026-01-06,93430.07788188591
2026-01-06,92619.85345080977
2026-01-06,91544.95397613838
2026-01-06,91970.9082670331
2026-01-06,92063.88548547623
2026-01-06,92443.66119430914
2026-01-06,93250.31065762376
2026-01-06,93215.17913540878
2026-01-06,93646.72081123287
2026-01-06,92759.09184881274
2026-01-06,92383.7070493379
2026-01-06,92911.4747991549
2026-01-06,92753.6191919218
2026-01-06,92604.47600249836
2026-01-06,92479.14350146533
2026-01-07,92593.31015181929
2026-01-07,92820.21928497854
2026-01-07,92639.94614308793
2026-01-07,91646.63735819007
2026-01-07,91889.40064462037
2026-01-07,92090.66857776156
2026-01-07,91937.28384803492
2026-01-07,92009.90639650231
2026-01-07,91913.83599904794
2026-01-07,91327.45536495079
2026-01-07,91176.90533283174
2026-01-07,91229.48252200357
2026-01-07,90795.41853741097
2026-01-07,91112.86215062984
2026-01-07,90942.82198815665
2026-01-07,90999.34061233037
2026-01-07,91109.197352891
2026-01-07,91279.56570116522
2026-01-07,91313.47061156535
2026-01-07,91326.27938978586
2026-01-07,90851.58137923626
2026-01-07,90651.92565753423
2026-01-07,90908.12093331301
2026-01-07,90709.90270139494
2026-01-08,89801.87826972643
2026-01-08,90436.90211595457
2026-01-08,90113.11108556789
2026-01-08,89953.9737335651
2026-01-08,90336.8452013121
2026-01-08,90102.42196608061
2026-01-08,89862.44326525465
2026-01-08,89799.62786464923
2026-01-08,89832.6869096085
2026-01-08,90756.33443493617
2026-01-08,90835.33632820725
2026-01-08,91280.78233290513
2026-01-08,90971.51274370613
2026-01-08,90778.5368826718
2026-01-08,90846.03961965353
2026-01-08,91186.02969446404
2026-01-08,91144.08785249206
2026-01-08,91006.17743088726
2026-01-08,91191.15227716474
2026-01-08,90958.3422526683
2026-01-08,90994.71756995487
2026-01-08,91102.68492788244
2026-01-08,90931.48795241989
2026-01-08,90914.96141127749
2026-01-09,91008.33617067951
2026-01-09,90671.47206532785
2026-01-09,89875.94170610893
2026-01-09,90217.9149749356
2026-01-09,90415.78989562979
2026-01-09,90375.88188062797
2026-01-09,90356.60572423627
2026-01-09,90523.67187081781
2026-01-09,90014.42958104976
2026-01-09,91106.58180240265
2026-01-09,91516.64563560692
2026-01-09,91315.91891676773
2026-01-09,90576.40547817477
2026-01-09,90184.18185178905
2026-01-09,90181.26835408638
2026-01-09,90382.07616369051
2026-01-09,90501.12609798246
2026-01-09,90513.10972085517
2026-01-09,90479.05127953873
2026-01-09,90584.38021300215
2026-01-09,90563.20736871904
2026-01-09,90516.4196390658
2026-01-09,90337.10544104721
2026-01-09,90477.10336720805
2026-01-10,90411.41406005711
2026-01-10,90550.1254728524
2026-01-10,90536.31233043248
2026-01-10,90626.47106220131
2026-01-10,90706.43185761382
2026-01-10,90610.94754141169
2026-01-10,90615.82686099659
2026-01-10,90535.42846457014
2026-01-10,90457.5911430405
2026-01-10,90543.90135526682
2026-01-10,90562.0776758831
2026-01-10,90435.06588523755
2026-01-10,90467.62620146402
2026-01-10,90510.82542755413
2026-01-10,90448.41475268416
2026-01-10,90389.70963179453
2026-01-10,90363.86140473763
2026-01-10,90442.01907847001
2026-01-10,90501.27929051575
2026-01-10,90512.07969256911
2026-01-10,90592.97255985778
2026-01-10,90606.45654288269
2026-01-10,90671.412556998
2026-01-10,90647.32333127785
2026-01-11,90629.48552363305
2026-01-11,90591.01576682138
2026-01-11,90667.37243140973
2026-01-11,90618.27942647463
2026-01-11,90609.85742051488
2026-01-11,90594.02833071497
2026-01-11,90832.94805593694
2026-01-11,90735.04000387069
2026-01-11,90965.74726908172
2026-01-11,90683.21305430884
2026-01-11,90910.27020511367
2026-01-11,90845.08072008625
2026-01-11,90765.54313335926
2026-01-11,90568.91129749212
2026-01-11,90529.8915865248
2026-01-11,90560.70509308028
2026-01-11,90438.21120646725
2026-01-11,90819.36598904192
2026-01-11,91132.02955442139
2026-01-11,91307.32992548757
2026-01-11,92107.88075702584
2026-01-11,91817.81558928672
2026-01-11,92050.80110465926
2026-01-11,92000.56069703125
2026-01-12,91685.52725626926
2026-01-12,91286.85936920988
2026-01-12,90554.35924168116
2026-01-12,90645.64542972311
2026-01-12,90321.59538536768
2026-01-12,90520.63018337116
2026-01-12,90637.38415488276
2026-01-12,90547.38659071774
2026-01-12,90777.48046560411
2026-01-12,91573.11268450855
2026-01-12,92067.65251681308
2026-01-12,91432.20438752284
2026-01-12,91555.81977959537
2026-01-12,91771.05577437328
2026-01-12,91393.03581085455
2026-01-12,91101.07731491383
2026-01-12,91152.85062984926
2026-01-12,91134.96917951507
2026-01-12,91292.38677537513
2026-01-12,91063.01415329082
2026-01-12,91030.83565948856
2026-01-12,91287.1106880113
2026-01-12,91393.29393835805
2026-01-12,91890.92695264723
2026-01-13,92041.3942222977
2026-01-13,91845.55360727236
2026-01-13,92068.61894171091
2026-01-13,92142.92265050135
2026-01-13,91991.89173712923
2026-01-13,91920.04282099016
2026-01-13,91961.64040206757
2026-01-13,92115.73196683275
2026-01-13,92439.17573841207
2026-01-13,93202.17937499398
2026-01-13,93623.54320209933
2026-01-13,93209.70810630525
2026-01-13,93573.8718722901
2026-01-13,94135.51646541804
2026-01-13,94430.0459304443
2026-01-13,94070.57542896655
2026-01-13,95724.32374950121
2026-01-13,95260.4422971001
2026-01-13,95214.28157056436
2026-01-13,95231.78139954527
2026-01-13,95281.59673323088
2026-01-13,95671.12348021378
2026-01-13,95171.1380204102
2026-01-13,94961.63332445655
2026-01-14,94919.47251802504
2026-01-14,95174.50274719071
2026-01-14,94872.54700005168
2026-01-14,95048.5398685044
2026-01-14,95117.49420087186
2026-01-14,94736.55681509736
2026-01-14,95031.54326486876
2026-01-14,94939.88743121621
2026-01-14,96447.18832252423
2026-01-14,96740.63602772693
2026-01-14,97258.4302847277
2026-01-14,96943.94078878143
2026-01-14,96770.23366760254
2026-01-14,97243.40419850293
2026-01-14,97511.39126588109
2026-01-14,97538.10335919488
2026-01-14,96918.06661667113
2026-01-14,96933.52662115371
2026-01-14,96711.16014527014
2026-01-14,96430.10046255309
2026-01-14,96316.17141950791
2026-01-14,95934.02998234588
2026-01-14,96390.93215996111
2026-01-14,96404.04419786052
2026-01-15,96266.23726303336
2026-01-15,96544.38050189661
2026-01-15,96604.16840117944
2026-01-15,96990.84544456062
2026-01-15,96798.15684648813
2026-01-15,96532.64855658218
2026-01-15,96937.80266671481
2026-01-15,96875.02238453715
2026-01-15,96203.13998797821
2026-01-15,95648.34069157839
2026-01-15,96711.69860507421
2026-01-15,96554.47174223741
2026-01-15,95812.0243348589
2026-01-15,95447.65948100906
2026-01-15,95250.98350977496
2026-01-15,95549.76044414917
2026-01-15,95576.10218873496
2026-01-15,95584.82797878512
2026-01-15,95593.93634533655
2026-01-15,95616.39277780002
2026-01-15,95496.63067444603
2026-01-15,95312.14486182708
2026-01-15,95293.86478816382
2026-01-15,95622.67080682832
2026-01-16,95702.89953328231
2026-01-16,95615.73239622756
2026-01-16,95649.47637238866
2026-01-16,95589.97452470553
2026-01-16,95259.49273810243
2026-01-16,95391.14629885223
2026-01-16,95401.61606126779
2026-01-16,95408.7574991596
2026-01-16,95197.56242965137
2026-01-16,94564.21877756322
2026-01-16,94774.67422759128
2026-01-16,94942.20146316924
2026-01-16,94931.61056338983
2026-01-16,94928.20118854292
2026-01-16,95444.53552680004
2026-01-16,95498.90205903104
2026-01-16,95457.21107120276
2026-01-16,95519.80018265622
2026-01-16,95427.46021175089
2026-01-16,95354.08132328994
2026-01-16,95324.28619981442
2026-01-16,95339.45598221631
2026-01-16,95272.31447750068
2026-01-16,95270.07300155646
2026-01-17,95178.15210477532
2026-01-17,95020.13689435081
2026-01-17,95210.1313151349
2026-01-17,95213.03611517425
2026-01-17,95059.78333700741
2026-01-17,95274.03509478235
2026-01-17,95212.44626393031
2026-01-17,95391.63945677785
2026-01-17,95399.80736167867
2026-01-17,95484.19221840204
2026-01-17,95270.6361182053
2026-01-17,95318.67979958313
2026-01-17,95381.73805780159
2026-01-17,95254.86982361718
2026-01-17,95334.33322659778
2026-01-17,95264.14276135058
2026-01-17,95136.14837565117
2026-01-17,95096.89470884472
2026-01-17,95050.16920385681
2026-01-17,94923.58039482878
2026-01-17,94994.30784163994
2026-01-17,95151.80271408615
2026-01-17,95053.75063889367
2026-01-17,95130.65615039687
2026-01-18,95124.29321865359
2026-01-18,94995.59848084219
2026-01-18,95138.7590730698
2026-01-18,95229.22268856812
2026-01-18,95133.78627069182
2026-01-18,95116.30836562921
2026-01-18,95058.36634008464
2026-01-18,95099.98735212196
2026-01-18,94939.08969878936
2026-01-18,95078.28349789415
2026-01-18,95129.34949425662
2026-01-18,95186.97347268632
2026-01-18,95414.26299465091
2026-01-18,95323.01176230583
2026-01-18,95264.04328721402
2026-01-18,95385.091435578
2026-01-18,95419.04934250613
2026-01-18,93635.80728320601
2026-01-18,92617.68573654277
2026-01-18,92527.6594890815
2026-01-18,92557.75478059119
2026-01-18,92635.36589283211
2026-01-18,92634.90778014087
2026-01-18,92489.44995410845
2026-01-19,92535.42125501516
2026-01-19,92766.65728693201
2026-01-19,93242.69882309673
2026-01-19,92934.02250713077
2026-01-19,92997.86085886107
2026-01-19,93052.24120916429
2026-01-19,92992.6392934921
2026-01-19,92971.59283208784
2026-01-19,92762.50264117854
2026-01-19,92989.43936771748
2026-01-19,93252.35944022807
2026-01-19,93183.62910169078
2026-01-19,93034.38573751131
2026-01-19,93044.67058180115
2026-01-19,93176.96677765035
2026-01-19,92951.52496559307
2026-01-19,92565.40850219587
2026-01-19,92558.76259206688
2026-01-19,92658.1889391815
2026-01-19,92755.65843228826
2026-01-19,92496.31597465024
2026-01-19,92365.75925390137
2026-01-19,92054.45357965528
2026-01-19,91628.15776726199
2026-01-20,90765.57651139694
2026-01-20,91140.44516197836
2026-01-20,90966.98133587079
2026-01-20,90880.61177027813
2026-01-20,91178.0481507316
2026-01-20,91131.66315672762
2026-01-20,91178.38921359967
2026-01-20,90877.19446684018
2026-01-20,90465.35987162092
2026-01-20,90345.37648569667
2026-01-20,90023.47148897771
2026-01-20,89639.14928469202
2026-01-20,89450.16568563295
2026-01-20,89569.05069508587
2026-01-20,89478.16075390873
2026-01-20,89379.13383865659
2026-01-20,88348.44187166238
2026-01-20,88312.84053255555
2026-01-20,88839.03472946375
2026-01-20,88916.22374403215
2026-01-20,88946.87566870019
2026-01-20,89329.20294498527
2026-01-20,89361.69891500166
2026-01-20,89878.00973770316
2026-01-21,89532.4133217517
2026-01-21,89095.30300631368
2026-01-21,89065.35689714097
2026-01-21,89103.41811490948
2026-01-21,89165.57601641436
2026-01-21,88716.44498897441
2026-01-21,88654.48527682706
2026-01-21,88596.05882515994
2026-01-21,89733.05294575737
2026-01-21,90213.5627951048
2026-01-21,87653.05294494564
2026-01-21,87842.96959431098
2026-01-21,88466.44682981329
2026-01-21,90203.59760452656
2026-01-21,90050.46122854245
2026-01-21,90174.16517701892
2026-01-21,89724.20413125702
2026-01-21,89398.23941607063
2026-01-21,89790.13905892898
2026-01-21,90019.26449118655
2026-01-21,89867.28101187048
2026-01-21,89782.42437762058
2026-01-21,89913.79199592299
2026-01-21,89869.68646139317
2026-01-22,90091.89624268706
2026-01-22,89751.98448095794
2026-01-22,89826.15011172557
2026-01-22,89967.70233476913
2026-01-22,90003.75703204022
2026-01-22,89845.21105467287
2026-01-22,89910.79450133022
2026-01-22,89466.62669477046
2026-01-22,89265.60223439285
2026-01-22,88928.445131748
2026-01-22,88877.12362020834
2026-01-22,89392.78879324035
2026-01-22,89329.29671230883
2026-01-22,89689.46806246096
2026-01-22,89365.88481759811
2026-01-22,89269.81970714335
2026-01-22,89260.53228727853
2026-01-22,89459.27203646343
2026-01-22,89493.03759223505
2026-01-22,89823.32225987155
2026-01-22,89551.9214304581
2026-01-22,89816.42211728683
2026-01-22,89848.61748935514
2026-01-22,89483.77531484977
2026-01-23,89414.12024713028
2026-01-23,89400.67184655859
2026-01-23,89128.56124911373
2026-01-23,88854.2635866417
2026-01-23,88916.01966860569
2026-01-23,89100.46329333047
2026-01-23,89183.30393363352
2026-01-23,89196.289778688
2026-01-23,88936.32661441184
2026-01-23,89648.47180071364
2026-01-23,90025.83283891251
2026-01-23,90475.02095074825
2026-01-23,90427.4516021458
2026-01-23,89818.93831234495
2026-01-23,89355.15847289481
2026-01-23,89236.66736880725
2026-01-23,89487.84366614968
2026-01-23,89481.19822572527
2026-01-23,89334.74757880229
2026-01-23,89416.06489568406
2026-01-23,89566.38371797214
2026-01-23,89638.35596963183
2026-01-23,89710.01957883479
2026-01-23,89651.91903151566
2026-01-24,89500.22198330525
2026-01-24,89478.74850105292
2026-01-24,89523.78293093774
2026-01-24,89455.59503931853
2026-01-24,89484.7895356904
2026-01-24,89448.84697346053
2026-01-24,89388.91847170272
2026-01-24,89135.98941900356
2026-01-24,89310.03342477125
2026-01-24,89139.94772071367
2026-01-24,89137.79657995072
2026-01-24,89247.24438495889
2026-01-24,89255.21707285942
2026-01-24,89185.71834611306
2026-01-24,89238.25989808718
2026-01-24,89238.4344160096
2026-01-24,89294.13394489129
2026-01-24,89096.86087597598
2026-01-24,89168.23984697693
2026-01-24,89029.20450051468
2026-01-24,88995.39175974726
2026-01-24,88824.89448086703
2026-01-24,88902.31768784423
2026-01-24,88850.70511399205
2026-01-25,88705.85750035704
2026-01-25,88542.65193116284
2026-01-25,88160.15858014772
2026-01-25,88260.0782049891
2026-01-25,88493.90350584377
2026-01-25,88393.35797516012
2026-01-25,88647.67505183489
2026-01-25,88786.10142180367
2026-01-25,88575.80648244864
2026-01-25,88316.56345914557
2026-01-25,87930.79644120466
2026-01-25,87750.85882716134
2026-01-25,87305.50976537765
2026-01-25,86392.12660715633
2026-01-25,86635.05269981093
2026-01-25,86491.46627325378
2026-01-25,86319.20748686141
2026-01-25,86563.18760836108
2026-01-25,86745.84170386847
2026-01-25,87561.08054040308
2026-01-25,87451.1998606091
2026-01-25,87170.46422642746
2026-01-25,87702.26347825098
2026-01-25,87724.33572454304
2026-01-26,87817.44686577673
2026-01-26,87907.31750377396
2026-01-26,87876.86489746942
2026-01-26,87563.61422960811
2026-01-26,87820.31860785569
2026-01-26,87754.53671416565
2026-01-26,87714.71613468998
2026-01-26,87850.85599180582
2026-01-26,88110.31439757539
2026-01-26,87581.75024409368
2026-01-26,87563.38898741045
2026-01-26,87596.95052372369
2026-01-26,88146.72826829564
2026-01-26,87955.70291486586
2026-01-26,87520.83581628976
2026-01-26,87969.52683727005
2026-01-26,88019.52440277697
2026-01-26,88220.23655963481
2026-01-26,88237.79696918432
2026-01-26,88494.43086859603
2026-01-26,88661.52795104065
2026-01-26,88650.48533949278
2026-01-26,88468.85107383129
2026-01-26,88339.21679757003
2026-01-27,88213.01005173146
2026-01-27,88220.8227325611
2026-01-27,88045.46038431428
2026-01-27,87817.22952521489
2026-01-27,87674.71057844856
2026-01-27,87892.82067658257
2026-01-27,87866.67286099448
2026-01-27,87862.20040644784
2026-01-27,87639.40066046447
2026-01-27,87924.6147096375
2026-01-27,88534.70663653797
2026-01-27,87435.12026106454
2026-01-27,88153.60150288578
2026-01-27,88287.18794610914
2026-01-27,89269.21442355588
2026-01-27,88978.3196181541
2026-01-27,89119.68357825458
2026-01-27,89204.22239644526
2026-01-27,89249.30668661927
2026-01-27,89316.54313990969
2026-01-27,89153.86818390692
2026-01-27,89007.47985424487
2026-01-27,88907.50009004466
2026-01-27,89002.21299070446
2026-01-28,89223.36341948027
2026-01-28,89039.39244771106
2026-01-28,88938.68902589788
2026-01-28,89242.96479808041
2026-01-28,89293.44057594828
2026-01-28,89953.3487413721
2026-01-28,89870.96687591283
2026-01-28,90117.42255647454
2026-01-28,89511.6307398833
2026-01-28,89395.3408319523
2026-01-28,89594.23681117366
2026-01-28,90031.12603284405
2026-01-28,89355.29479779032
2026-01-28,89347.77982629465
2026-01-28,89024.74471978762
2026-01-28,89288.24682760338
2026-01-28,89259.32071465063
2026-01-28,89173.2129545617
2026-01-28,89003.36082308379
2026-01-28,88464.56708627712
2026-01-28,87653.20949442938
2026-01-28,87921.17467367838
2026-01-28,88177.05203371037
2026-01-28,88048.66790356174
2026-01-29,88157.56853472859
2026-01-29,88269.37473974624
2026-01-29,87913.42954139785
2026-01-29,87747.57415319807
2026-01-29,87845.63504335862
2026-01-29,87659.2122336536
2026-01-29,87969.09744963689
2026-01-29,87905.02490912433
2026-01-29,86955.00052944447
2026-01-29,84643.77376460397
2026-01-29,85127.74408474048
2026-01-29,84187.9723253498
2026-01-29,83407.63169632888
2026-01-29,83859.73452737721
2026-01-29,84060.22134782864
2026-01-29,84392.3658933912
2026-01-29,84419.9690502148
2026-01-29,84570.40906135936
2026-01-29,84037.1936955712
2026-01-29,82279.35490591527
2026-01-29,82005.64104750492
2026-01-29,82557.83433257985
2026-01-29,82795.66661368017
2026-01-29,82959.58139868542
2026-01-30,82491.57357088778
2026-01-30,82694.4117926535
2026-01-30,82552.03970101257
2026-01-30,82225.86111218829
2026-01-30,82666.72864439494
2026-01-30,83059.4161797052
2026-01-30,82637.05876225671
2026-01-30,82617.91439136588
2026-01-30,82948.93484396658
2026-01-30,82762.54275899222
2026-01-30,82970.0078878883
2026-01-30,82877.03317026947
2026-01-30,83826.73026415915
2026-01-30,84128.56059667813
2026-01-30,83788.09301797596
2026-01-30,84177.3266378665
2026-01-30,84022.41738125011
2026-01-30,84121.72844914203
2026-01-30,83941.87811925856
2026-01-30,83873.37748977225
2026-01-30,84015.98094637308
2026-01-30,83894.09861071236
2026-01-30,83853.84954081445
2026-01-30,83861.8294638935
2026-01-31,83637.64661903602
2026-01-31,83426.27736048993
2026-01-31,82961.41728566527
2026-01-31,83001.13799097399
2026-01-31,82985.77196683157
2026-01-31,82807.6868873885
2026-01-31,82635.23795154462
2026-01-31,82643.10949864717
2026-01-31,81202.92216000607
2026-01-31,81212.10149346846
2026-01-31,80261.2768751982
2026-01-31,78903.31503723603
2026-01-31,77976.06338233652
2026-01-31,77690.91277948217
2026-01-31,77983.88907411572
2026-01-31,78213.31330612757
2026-01-31,78078.5454430695
2026-01-31,78641.50691411538
2026-01-31,78832.00838578405
2026-01-31,78446.44614724506
2026-01-31,78852.6766338731
2026-01-31,78767.61762558289
2026-01-31,78912.80103317233
2026-01-31,78539.5665580453
2026-02-01,78249.02172265615
2026-02-01,78306.02837173457
2026-02-01,78503.16086298278
2026-02-01,78943.28284591532
2026-02-01,78190.05967627538
2026-02-01,78674.55269710587
2026-02-01,78395.42785626884
2026-02-01,78250.67642409485
2026-02-01,78153.42947394075
2026-02-01,77544.7380964675
2026-02-01,77393.55504519478
2026-02-01,77696.03134586934
2026-02-01,77896.36160377583
2026-02-01,77077.95592797572
2026-02-01,77035.921671734
2026-02-01,76435.74536602902
2026-02-01,77145.43546862429
2026-02-01,76906.6755974147
2026-02-01,77576.32216510682
2026-02-01,77483.39217465831
2026-02-01,76425.36227434671
2026-02-01,76187.07154557863
2026-02-01,75825.18353347215
2026-02-01,75442.36463977459
2026-02-02,76403.38705228502
2026-02-02,76579.2542838234
2026-02-02,76827.71592198485
2026-02-02,77614.62064813616
2026-02-02,77441.06457352011
2026-02-02,77690.21964421745
2026-02-02,77918.29429108377
2026-02-02,78175.7417786635
2026-02-02,77708.55867783961
2026-02-02,78762.48100810999
2026-02-02,78627.17408230362
2026-02-02,78920.28866897967
2026-02-02,78527.95828909146
2026-02-02,78264.25959010448
2026-02-02,77931.71794953835
2026-02-02,78478.46761069831
2026-02-02,78698.23700572242
2026-02-02,78664.87011711115
2026-02-02,78994.244593476
2026-02-02,78916.39298894505
2026-02-02,77764.35461710254
2026-02-02,78679.46986195797
2026-02-02,78732.08983634548
2026-02-02,78167.15847089334
2026-02-03,78514.4059710872
2026-02-03,78696.79606095653
2026-02-03,78650.12759838546
2026-02-03,78350.90228836305
2026-02-03,78062.94594934044
2026-02-03,78016.08427375196
2026-02-03,78252.0181420846
2026-02-03,78216.78892241618
2026-02-03,77166.79302914416
2026-02-03,77956.29806992367
2026-02-03,76462.1341336685
2026-02-03,74893.60859394567
2026-02-03,73111.91343008894
2026-02-03,74635.94438230092
2026-02-03,76411.91826405193
2026-02-03,76152.05321817116
2026-02-03,75560.98650392683
2026-02-03,75649.69786577787
2026-02-03,75911.75672693519
2026-02-03,76360.76565709774
2026-02-03,75870.18901632768
2026-02-03,76608.26923239244
2026-02-03,76382.70698112827
2026-02-03,76167.81462055985
2026-02-04,76550.49046713776
2026-02-04,76424.46851974064
2026-02-04,76472.56212315582
2026-02-04,76006.4007520199
2026-02-04,76181.49680339378
2026-02-04,75973.90796024087
2026-02-04,76047.636269168
2026-02-04,74754.93715072649
2026-02-04,74135.69918053188
2026-02-04,74029.4599257023
2026-02-04,73499.66630570027
2026-02-04,72395.80326935869
2026-02-04,73462.80817356521
2026-02-04,73639.68907933564
2026-02-04,73384.77194810667
2026-02-04,72629.98658000518
2026-02-04,72402.78419025433
2026-02-04,73023.41451718884
2026-02-04,72713.21620135968
2026-02-04,72289.92013373689
2026-02-04,71337.22160323666
2026-02-04,71128.6956649189
2026-02-04,70762.539039752
2026-02-04,70587.38360589635
2026-02-05,70800.17054471826
2026-02-05,70541.27315680737
2026-02-05,71011.65125538754
2026-02-05,71426.18011366547
2026-02-05,70712.55259981466
2026-02-05,70198.49300968244
2026-02-05,69436.27296654794
2026-02-05,69608.72096630982
2026-02-05,69359.6011297701
2026-02-05,67375.62427275744
2026-02-05,68153.73192299498
2026-02-05,66086.43132742122
2026-02-05,66223.31451175398
2026-02-05,65141.50387868692
2026-02-05,63880.77153870422
2026-02-05,63151.480794216
2026-02-05,63819.50494183307
2026-02-05,62822.26414504872
2026-02-05,63474.177236593816
2026-02-05,65564.69260917806
2026-02-05,64816.18565684104
2026-02-05,64091.22967946813
2026-02-05,64822.456067695086
2026-02-05,66360.16683425578
2026-02-06,64760.099244767305
2026-02-06,64762.31745067788
2026-02-06,64812.45812521936
2026-02-06,65743.1389952177
2026-02-06,65852.64638550671
2026-02-06,66468.2306680357
2026-02-06,66475.34350850893
2026-02-06,67249.23666728205
2026-02-06,68114.36357083579
2026-02-06,68582.16605772382
2026-02-06,69871.99988930697
2026-02-06,70772.61875586561
2026-02-06,69753.80678459951
2026-02-06,70670.2604369606
2026-02-06,69990.28130807572
2026-02-06,70289.43455211335
2026-02-06,71297.63519930553
2026-02-06,70545.5121611041
2026-02-06,69924.37333126029
2026-02-06,70471.75839223956
2026-02-06,70323.87573035707
2026-02-06,70793.24406711856
2026-02-06,70717.02791109454
2026-02-06,70109.21450925693
2026-02-07,68878.39427353993
2026-02-07,68052.86603622913
2026-02-07,68503.0750122388
2026-02-07,68042.75346202428
2026-02-07,67959.15338417077
2026-02-07,67902.78315971121
2026-02-07,68967.55007208827
2026-02-07,68966.60908394787
2026-02-07,68572.18589500991
2026-02-07,69097.79894772926
2026-02-07,68955.47179965663
2026-02-07,69077.46959337214
2026-02-07,69451.25303390273
2026-02-07,69274.97522392707
2026-02-07,69580.38509403978
2026-02-07,69423.29165424411
2026-02-07,69375.53227931763
2026-02-07,69271.22535548474
2026-02-07,69072.05134454952
2026-02-07,69336.65222875704
2026-02-07,69323.10055397708
2026-02-07,69072.73226451855
2026-02-07,69257.21228736998
2026-02-07,69176.62975267286
2026-02-08,69275.2644342355
2026-02-08,69634.77873342592
2026-02-08,70616.33319903756
2026-02-08,70149.49319420684
2026-02-08,70192.55967196338
2026-02-08,70948.55961551555
2026-02-08,71178.215488825
2026-02-08,71450.09750719942
2026-02-08,71185.43635252847
2026-02-08,71093.28992022508
2026-02-08,70382.8443423587
2026-02-08,70734.71298641211
2026-02-08,71115.10260731545
2026-02-08,71364.02621667292
2026-02-08,70744.26363456192
2026-02-08,70676.40743565756
2026-02-08,71010.30811854756
2026-02-08,70288.14411281867
2026-02-08,70459.16182303062
2026-02-08,70331.36328987485
2026-02-08,70569.9975377267
2026-02-08,71229.73530963564
2026-02-08,70964.73659393784
2026-02-08,70917.7140775821
2026-02-09,70599.48065506382
2026-02-09,70373.24121786421
2026-02-09,69837.07732988766
2026-02-09,69550.37698573632
2026-02-09,68682.80182170549
2026-02-09,68832.02582910914
2026-02-09,69082.02289196198
2026-02-09,68592.05509846479
2026-02-09,69277.24182643309
2026-02-09,69497.9504768076
2026-02-09,70052.90697154785
2026-02-09,70580.77336767624
2026-02-09,70345.99548691839
2026-02-09,70891.58132530384
2026-02-09,70744.7606123553
2026-02-09,70375.09590515462
2026-02-09,70339.16694175807
2026-02-09,70123.68796096664
2026-02-09,69826.11877692133
2026-02-09,70394.23922233515
2026-02-09,70064.76056999435
2026-02-09,69457.98618467282
2026-02-09,69797.42294899575
2026-02-09,69382.33864852159
2026-02-10,68847.05069249081
2026-02-10,68881.0732316969
2026-02-10,69064.99112489945
2026-02-10,69105.54398342568
2026-02-10,68877.64853072929
2026-02-10,68522.82784238047
2026-02-10,68543.23050244208
2026-02-10,68958.60997610839
2026-02-10,68400.9302576248
2026-02-10,69246.28467257677
2026-02-10,69539.89537574978
2026-02-10,69855.81229514664
2026-02-10,68892.14110177293
2026-02-10,69014.0978254628
2026-02-10,68756.11136655635
2026-02-10,68636.08258362056
2026-02-10,68661.02296853696
2026-02-10,68787.11157131186
2026-02-10,69163.88217016484
2026-02-10,68946.97762062182
2026-02-10,68644.96060706391
2026-02-10,68175.45041937327
2026-02-10,67551.3977776452
2026-02-10,67393.1338876921
2026-02-11,66764.58898080258
2026-02-11,67017.05721590634
2026-02-11,66970.62905077402
2026-02-11,66807.6119388558
2026-02-11,66494.98120901024
2026-02-11,67014.71498124763
2026-02-11,67091.50719892021
2026-02-11,67437.24255140442
2026-02-11,66520.47043126007
2026-02-11,66493.85891764812
2026-02-11,66001.27448137071
2026-02-11,66499.01615547431
2026-02-11,67229.70574812587
2026-02-11,67537.2135009556
2026-02-11,67486.51819881125
2026-02-11,67779.27675800232
2026-02-11,67390.92632777932
2026-02-11,66993.76514615967
2026-02-11,67451.07122442544
2026-02-11,67649.64782221185
2026-02-11,67387.85725544306
2026-02-11,67524.26768392987
2026-02-11,66986.30434164265
2026-02-11,67078.87774531855
2026-02-12,67053.22272636107
2026-02-12,67178.4581077123
2026-02-12,67025.73999197627
2026-02-12,67505.20239437708
2026-02-12,67918.8668330455
2026-02-12,68104.64609334413
2026-02-12,67821.82074131482
2026-02-12,68308.5139267418
2026-02-12,67619.70970025606
2026-02-12,67107.39876003392
2026-02-12,65788.29080024328
2026-02-12,65411.62913430127
2026-02-12,65536.35172344626
2026-02-12,65787.26041698357
2026-02-12,65373.153465460666
2026-02-12,65760.26221328336
2026-02-12,66246.03819951249
2026-02-12,66192.37908688825
2026-02-12,65907.85178274351
2026-02-12,66354.20379582758
2026-02-12,66660.74922526913
2026-02-12,66460.80346947702
2026-02-12,66287.2478700668
2026-02-12,66145.26647622047
2026-02-13,66319.79278508217
2026-02-13,66168.09118045383
2026-02-13,66633.60165762658
2026-02-13,66895.3374846119
2026-02-13,66928.08718593771
2026-02-13,67126.01455622054
2026-02-13,67051.53066547718
2026-02-13,67252.78657169837
2026-02-13,67680.10358293349
2026-02-13,68601.35608327099
2026-02-13,69105.3880728048
2026-02-13,69016.92320744746
2026-02-13,69097.83747759652
2026-02-13,68928.36804915236
2026-02-13,68733.84411753804
2026-02-13,68842.4853080273
2026-02-13,68930.85615649213
2026-02-13,68848.91601457071
2026-02-13,69052.11814104643
2026-02-13,68925.81413527165
2026-02-13,68850.55795334087
2026-02-13,68946.54151316333
2026-02-13,68759.15934178799
2026-02-13,68742.18544956709
2026-02-14,68897.33349196923
2026-02-14,69189.82934923672
2026-02-14,69726.25267790715
2026-02-14,69691.52126791891
2026-02-14,69635.27468433385
2026-02-14,70434.28463415819
2026-02-14,69633.0263652205
2026-02-14,69416.53585336605
2026-02-14,69702.71797144218
2026-02-14,69761.73770486697
2026-02-14,69709.11375885298
2026-02-14,69687.28327880825
2026-02-14,69733.54122326875
2026-02-14,69825.50119312223
2026-02-14,69990.8175307309
2026-02-14,69884.50659515375
2026-02-14,69924.91653176714
2026-02-14,69774.2353259966
2026-02-14,69729.48913093255
2026-02-14,69674.4394979836
2026-02-14,69463.07617718862
2026-02-14,69961.3128035441
2026-02-14,70155.37241359024
2026-02-14,70243.08860355157
2026-02-15,70373.12694780517
2026-02-15,70786.26660662086
2026-02-15,70411.32054067256
2026-02-15,70376.88960841866
2026-02-15,70404.94823152284
2026-02-15,70267.17175907342
2026-02-15,69387.60144625134
2026-02-15,68940.40544020956
2026-02-15,69110.93706350432
2026-02-15,69060.54773085675
2026-02-15,69004.9733197395
2026-02-15,68580.5740698471
2026-02-15,68391.51912497477
2026-02-15,68282.55660712713
2026-02-15,68418.56410917995
2026-02-15,68837.65412375923
2026-02-15,68923.26011623367
2026-02-15,68781.29710864896
2026-02-15,68807.54988540319
2026-02-15,68600.88251203044
2026-02-15,68299.08789823233
2026-02-15,68378.05073894249
2026-02-15,68833.3771011827
2026-02-15,68368.57404069978
2026-02-16,68411.1284780013
2026-02-16,68543.04733752139
2026-02-16,68726.37761691494
2026-02-16,68939.5890405427
2026-02-16,68766.4623978235
2026-02-16,68817.00684590373
2026-02-16,69720.91528212125
2026-02-16,68361.14702019827
2026-02-16,68381.76268962049
2026-02-16,67513.43201399366
2026-02-16,67830.48266944081
2026-02-16,67923.40204674947
2026-02-16,67845.65549273694
2026-02-16,67881.7978501668
2026-02-16,68479.96365635042
2026-02-16,68804.97684090007
2026-02-16,68589.22180875255
2026-02-16,68852.48637282102
2026-02-16,68856.54508076754
2026-02-16,68587.90136643896
2026-02-16,68815.02905097854
2026-02-16,68465.88015024242
2026-02-16,68419.78749680043
2026-02-16,68196.19133548804
2026-02-17,68358.38868471434
2026-02-17,68358.54885195654
2026-02-17,68142.87710761404
2026-02-17,68079.29361360389
2026-02-17,67784.02666527066
2026-02-17,67833.14545257023
2026-02-17,67888.17582537961
2026-02-17,68091.7970259687
2026-02-17,66900.86088977731
2026-02-17,67352.03557682618
2026-02-17,67520.45663312795
2026-02-17,67198.53776740881
2026-02-17,68070.65432562269
2026-02-17,67789.9677181016
2026-02-17,67729.879969294
2026-02-17,67643.96687622776
2026-02-17,67511.08100510074
2026-02-17,67478.66920269319
2026-02-17,67295.93918777717
2026-02-17,67121.17416691722
2026-02-17,67298.87495580375
2026-02-17,67605.87435157233
2026-02-17,67770.52548526973
2026-02-17,67610.24909276767
2026-02-18,67812.32340573036
2026-02-18,68087.77007418862
2026-02-18,68092.30939990666
2026-02-18,68130.76658086086
2026-02-18,67757.18921579409
2026-02-18,67378.80486981728
2026-02-18,67465.52794094842
2026-02-18,67191.89205610077
2026-02-18,67156.67569324691
2026-02-18,67663.21696845596
2026-02-18,67105.62639714318
2026-02-18,67147.92942211787
2026-02-18,66315.35717122022
2026-02-18,66143.11023952397
2026-02-18,66245.54294126258
2026-02-18,66319.09854121489
2026-02-18,66395.02300417775
2026-02-18,66437.13592509933
2026-02-18,66422.48277202653
2026-02-18,66833.17282840105
2026-02-18,66822.55646014048
2026-02-18,66933.92747646493
2026-02-18,66780.89118616698
2026-02-18,66837.42029796186
2026-02-19,67116.50346018281
2026-02-19,67170.02189428693
2026-02-19,66935.07201032821
2026-02-19,66811.14558678101
2026-02-19,66808.56146870888
2026-02-19,66477.69591909723
2026-02-19,66493.38343507201
2026-02-19,65893.78142463525
2026-02-19,66395.49662413551
2026-02-19,66361.8367706384
2026-02-19,66301.02313033368
2026-02-19,66299.1689966471
2026-02-19,66982.72221505808
2026-02-19,67011.6707462627
2026-02-19,67091.72571178003
2026-02-19,66898.79302429323
2026-02-19,66915.1097813609
2026-02-19,66956.66409601258
2026-02-19,67227.67488249822
2026-02-19,67247.43012565825
2026-02-19,67239.57495785308
2026-02-19,67334.82652058548
2026-02-19,67232.6875433637
2026-02-19,67767.35955427619
2026-02-20,67839.84481085645
2026-02-20,67806.37469278977
2026-02-20,67850.71900445792
2026-02-20,68172.85620895511
2026-02-20,67910.89892947351
2026-02-20,67346.76441904357
2026-02-20,67443.30425428542
